circo;EXG;FG;PS;EELV;MODEM;UMP;FN
1_1;CAROLE GUENARD GERBAUD;SÉBASTIEN BOILEAU;JEAN-FRANÇOIS DEBAT;NADIA ALLOUACHE;;XAVIER BRETON;CLÉMENT PERRIN
1_2;VINCENT GOUTAGNY;KATIA PHILIPPE;MICHEL RAYMOND;PAUL VERNAY;MARIE-JEANNE BEGUET;CHARLES DE LA VERPILLIERE;OLIVIER EYRAUD
1_3;ERIC LAHY;YVES THOUMINE;JEAN-MARC FOGNINI;CHRISTINE FRANQUET;;ETIENNE BLANC;GAËTAN NOBLET
1_4;JEAN-FRANÇOIS MORTEL;DANIEL BLATRIX;GUILLAUME LACROIX;NICOLAS ZIELINSKI;;MICHEL VOISIN;CORINNE MOSSIRE
1_5;JEAN-MICHEL BOULME;MYLÈNE FERRI;JOSIANE EXPOSITO;JEAN GALIENNE;;DAMIEN ABAD;PATRICK SOKOLOWSKI
2_1;JEAN-LOUP PERNELLE;CLAUDINE BRUNET;RENÉ DOSIERE;CLAIRE BRIL;;AUDE BONO;JEAN-LOUIS ROUX
2_2;MICHEL AURIGNY;GUY FONTAINE;ANNE FERREIRA;SYLVIE GLINATSIS;PAUL GIRONDE;XAVIER BERTRAND;YANNICK LEJEUNE
2_3;JEAN-PIERRE VITU;RÉGIS LECOYER;JEAN-LOUIS BRICOUT;;;FRÉDÉRIC MEURA;BERTRAND DUTHEIL DE LA ROCHERE
2_4;LAETITIA VOISIN;JEAN-LUC LANOUILH;MARIE-FRANÇOISE BECHTEL;STÉPHANIE LEBEE;;CHARLES-EDOUARD LAURISTON;EVELYNE RUELLE
2_5;SYLVIE GERET;MIREILLE AUSECACHE;JACQUES KRABAL;DOMINIQUE JOURDAIN;;ISABELLE VASSEUR;FRANCK BRIFFAUT
3_1;BERNARD LEBEL;MARIE-FRANÇOISE LACARIN;GUY CHAMBEFORT;GÉRARD MATICHARD;;PIERRE-ANDRÉ PERISSOL;YVES LECRIQUE
3_2;RENÉ CASILLA;LUC BOURDUGE;BERNARD LESTERLIN;MARIE COUVAL;;DANIEL DUGLERY;PASCAL COURTY
3_3;MONIQUE ROCHE;PASCALE SEMET;GÉRARD CHARASSE;ANNE BABIAN-LHERMET;SYLVIE RASILE;CLAUDE MALHURET;CLAUDINE LOPEZ
4_1;CAROLINE ALONSO;JEAN-LOUIS PIN;GILBERT SAUVAN;GÉRARD DE MEESTER;FRÉDÉRIC SANTIAGO;ELIANE BARREILLE;GHISLAINE AUBERT
4_2;BRIGITTE PICARD;MARTINE CARRIOL;CHRISTOPHE CASTANER;CATHERINE BERTHONNECHE;ISABELLE VERSCHUEREN;JEAN-CLAUDE CASTEL;JEAN-CLAUDE DIEDRICH
5_1;FABRICE ROSAY;JEAN-CLAUDE EYRAUD;KARINE BERGER;BERNARD DERBEZ;THIERRY PAJOT;JEAN COINTE;ELODIE MONIER
5_2;VÉRONIQUE BUISSON;CATHERINE GUIGLI;JOËL GIRAUD;FRANCINE DAERDEN;;CHANTAL EYMEOUD;SOPHIE BRIAND
6_1;LOÏC FORTUIT;ROBERT INJEY;PATRICK ALLEMAND;MARYSE ULLMANN;CHRISTIAN RAZEAU;ERIC CIOTTI;
6_2;ALAIN BOUILLEAUX;FRÉDÉRIQUE CATTAERT;FABRICE LACHENMAIER;ANDRÉ ASCHIERI;;CHARLES-ANGE GINESY;JEAN-MARC DEGIOANNI
6_3;BRUNO DELLA SUDDA;ROSELINE GRAC;CHRISTINE DOREJO;MARIE-JOSÉ VALLADE;MAROUANE BOULOUDHNINE;RUDY SALLES;GAËL NOFRI
6_4;JOSEPH MARKIEL;FRANCIS TUJAGUE;PASCALE GERARD;JEAN-PHILIPPE SECORDEL-MARTIN;;JEAN-CLAUDE GUIBAL;LYDIA SCHENARDI
6_5;FLORENCE CIARAVOLA;EMMANUELLE GAZIELLO;PAUL CUTURELLO;BRIGITTE BALLOUARD;GILDAS DUPRÉ;CHRISTIAN ESTROSI;DANIELLE CARDIN
6_6;DANIÈLE BARTOLI;PHILIPPE GANDIN;SYLVIE GAUTIER;OONAGH WELDON;;LIONNEL LUCA;HUBERT DE MESMAY
6_7;PHILIPPE CARENZO;CÉCILE DUMAS;ERIC MARTIN;MAURICE GILLARD;;JEAN LEONETTI;MATHILDE VIOT
6_8;LILIANE PECOUT;SYLVIE ROLLY;;ELISABETH DEBORDE;;BERNARD BROCHAND;ADRIEN GROSJEAN
6_9;ROBERT GIARDINA;PIERRE BERNASCONI;MARIE-LOUISE GOURDON;PASCAL DUCREUX;;MICHÈLE TABAROT;MARLÈNE ORFILA
7_1;PATRICIA SONCINI-SYREN;FRANÇOIS JACQUART;PASCAL TERRASSE;STÉPHANE ORIOL;ANDRÉ DUPONT;GUÉRIN DE LONGEVIALLE;CHRISTIAN GRANGIS
7_2;PASCAL GUION;MYRIAM NORMAND;OLIVIER DUSSOPT;JUSTINE ARNAUD;CLAUDE ESCANDE;MATHIEU DARNAUD;VÉRONIQUE GATHERCOLE
7_3;RICHARD NEUVILLE;VÉRONIQUE LOUIS;SABINE BUIS;MAGALIE MARGOTTON;ROGER KAPPEL;JEAN-CLAUDE FLORY;ISABELLE CIET
8_1;JOËL NOUET;SYLVAIN DALLA ROSA;CLAUDINE LEDOUX;CHRISTOPHE DUMONT;VIRGINIE LAUBY HERBER-SUFFRIN;BÉRENGÈRE POLETTI;ANNE-SOPHIE LECLERE
8_2;MINK TAKAWE;MICHÈLE LEFLON;CHRISTOPHE LEONARD;SYLVAIN BAUMEL;;BORIS RAVIGNON;BENOÎT GIRARD
8_3;NADIA OCTAVE;CLAUDETTE MORAINE;NELLY FESSEAU;SOPHIE PERRIN;;JEAN-LUC WARSMANN;LAURENT GUILBERT
9_1;CÉLINE BARA;MICHEL LARIVE;FRÉDÉRIQUE MASSAT;PASCALE AOURA;JOËL RAUSA;NICOLE GERONA;JACQUES WARNKE
9_2;PIERRE GRANET;VIVIANE BAUDRY;ALAIN FAURÉ;JIMMY GIMENEZ;LINDA MANCEAU;PHILIPPE CALLEJA;THÉRÈSE ALIOT
10_1;LIONEL PAILLARD;;RENÉ GAUDOT;MARIE-LAURENCE EGMANN;PASCAL LANDREAT;NICOLAS DHUICQ;BRUNO SUBTIL
10_2;MARIE-PIERRE MARC;JEAN-PIERRE CORNEVIN;YVES FOURNIER;CLAUDINE FRANÇOIS-WILSER;KARIMA OUADAH;JEAN-CLAUDE MATHIS;GÉRARD CIANNI
10_3;PIERRE BISSEY;PIERRE MATHIEU;LORETTE JOLY;GHISLAIN WYSOCINSKI;ALAIN CARSENTI;FRANÇOIS BAROIN;MIREILLE CAZARD
11_1;GÉRARD SCHIVARDI;ROSINE CHARLUT;JEAN-CLAUDE PEREZ;CHRISTINE STHÉMER;ISABELLE FILLON;MONIQUE BOONEN;ROBERT MORIO
11_2;ANNETTE VIGIER;JEAN-PAUL TOURNISSA;MARIE-HÉLÈNE FABRE;ANDRÉ SARFATI;;MICHEL PY;LAURE-EMMANUELLE PHILIPPE
11_3;DOMINIQUE GALONNIER;MARIE-ANGÈLE LARRUY;JEAN-PAUL DUPRE;JACQUES CROS;;EMMANUEL BRESSON;MARIE-JOSÉE SUTTER
12_1;ARLETTE SAINT-AVIT;GUILHEM SERIEYS;MONIQUE BULTEL-HERMENT;BRUNO BERARDI;;YVES CENSI;JEAN-GUILLAUME REMISE
12_2;YANN PUECH;ALINE LOUANGVANNASY;MARIE-LOU MARCEL;JEAN-LOUIS CALMETTES;;LAURENT TRANIER;PHILIPPE BRAMM
12_3;NICOLAS BESTARD;JEAN-LUC POUGET;BÉATRICE MARRE;MARIE-THÉRÈSE FOULQUIER;;ALAIN MARC;MARIE-CLAUDE FAYARD
13_1;MARC CECON;CATHERINE BARTOLI;CHRISTOPHE MASSE;LAURENCE VICHNIEVSKY;NATHALIE COULLET;VALÉRIE BOYER;ELISABETH PHILIPPE
13_2;MARIE CONTAUX;CHRISTIAN PELLICANI;JEAN-PIERRE MIGNARD;DOMINIQUE SURRY;FLORENCE BISTAGNE;DOMINIQUE TIAN;ALEXANDRE BARTOLINI
13_3;VICTOR-HUGO ESPINOSA;MARIE BATOUX;SYLVIE ANDRIEUX;MICHÈLE PONCET-RAMADE;ANNE-MARIE TAPIERO;NORA PREZIOSI;STÉPHANE RAVIER
13_4;KÉVIN VACHER;MARIE-JOSÉ CERMOLACCE;PATRICK MENNUCCI;SÉBASTIEN BARLES;SOPHIE GOY;SOLANGE BIAGGI;MARIE-CLAUDE AUCOUTURIER
13_5;JUNIE CICCIONE;FRÉDÉRIC DUTOIT;MARIE-ARLETTE CARLOTTI;MICHÈLE RUBIROLA-BLANC;HÉLÈNE COULOMB;RENAUD MUSELIER;JEANPIERRE BAUMANN
13_6;DAVID LARRIVEN;ANNA ROSSO ROIG;CÉDRIC MATTHEWS;PIERRE SEMERIVA;PATRICK FILOSA;GUY TEISSIER;LAURENT COMAS
13_7;ZOUBIDA MEGUENNI;JEAN-MARC COPPOLA;HENRI JIBRAYEL;KARIM ZERIBI;MICHÈLE LATIL;SONIA LEON;BERNARD MARANDAT
13_8;FRÉDÉRIC KECHRA;HÉLÈNE LE CACHEUX;OLIVIER FERRAND;JEAN FRIZZI;CLAUDE CORTESI;NICOLAS ISNARD;GÉRALD GERIN
13_9;CLAUDE DIHARÇABAL;PIERRE MINGAUD;CHRISTIAN MUSUMECI;DENIS GRANDJEAN;JEAN-MARIE ORIHUEL;BERNARD DEFLESSELLES;JOËLLE MELIN
13_10;CHRISTIAN LECAT;YVELINE PRIMO;;FRANÇOIS-MICHEL LAMBERT;NATHALIE MINARI;RICHARD MALLIE;PASCALE-EDITH GUENNEC
13_11;STÉPHANIE CLERC;PATRICK MAGRO;GAËLLE LENFANT;;;CHRISTIAN KERT;JEAN-MARIE COJANNOT
13_12;FRANÇOIS ROCHE;JEAN-CLAUDE LABRANCHE;VINCENT BURRONI;PIERRE SOUVET;;ERIC DIARD;PAUL CUPOLATI
13_13;ADIL FAJRY;GABY CHARROUX;RENÉ RAIMONDI;VÉRONIQUE COULOMB;;MICHÈLE VASSEROT;BÉATRIX ESPALLARDO
13_14;FRANÇOIS LEFEBVRE;JOSIANE DURRIEU;JEAN-DAVID CIOT;GENEVIÈVE HAMY;;MARYSE JOISSAINS-MASINI;JOSYANE SOLARI
13_15;FRANCK MOULET;STELLA APEDDU;NICETTE AUBERT;STANISLAS MAKOWKA;DIDIER MAURIN;BERNARD REYNES;OLIVIA PONSDESSERRE
13_16;GUY DUBOST;EMMANUELLE BONHOMME;MICHEL VAUZELLE;SALIM DJERARI;;ROLAND CHASSAIN;VALÉRIE LAUPIES
14_1;MARIE-PIERRE HULBERT;BÉATRICE DUPONT;PHILIPPE DURON;RUDY L'ORPHELIN;PHILIPPE LAILLER;JOËL BRUNEAU;SABINE DE VILLEROCHE
14_2;FLORINE LE BRIS;GÉRARD LENEVEU;LAURENCE DUMONT;CAROLINE AMIEL;RODOLPHE THOMAS;AMANDINE FRANÇOIS;CHRISTOPHE MAL
14_3;MICHEL LANGEVIN;SERGE LOISEAU;CLOTILDE VALTER;SABINE MICHAUX;;CHRISTINE ANNOOT;SANDRINE LINARES
14_4;CAROLINE DEREC;PIERRE MOURARET;CLÉMENTINE LE MARREC;PASCAL CHAPELLE;;NICOLE AMELINE;GILLES LEBRETON
14_5;CHARLINE JOLIVEAU;MIREILLE BRUN;JEAN-PIERRE LAVISSE;ISABELLE ATTARD;;CÉDRIC NOUVELOT;PHILIPPE CHAPRON
14_6;GÉRARD LEROY;VIVIANE BOUFROU;ALAIN TOURRET;LAURENT DECKER;;JEAN-YVES COUSIN;MARIE-FRANÇOISE LEBOEUF
15_1;RÉMY DAUVILLIER;THIERRY GALEAU;ALAIN CALMETTE;VINCENT BESSAT;NICOLE SOULENQ-MOISSINAC;VINCENT DESCOEUR;PHILIPPE DROUAULT
15_2;ANNE DUCAMP;HENRI COETMEUR;GÉRARD SALAT;DOMINIQUE DUMAZEL;VLADIMIR TILMANT-TATISCHEFF;ALAIN MARLEIX;PAULINE GUIBERT
16_1;MICHEL DEBOEUF;MARIE-HÉLÈNE BOUTET DE MONVEL;MARTINE PINVILLE;CYRIL TARDAT;;ELISE VOUVET;MARIE-CHRISTINE CARDOSO
16_2;GWENAËLLE GAMINE;SYLVIE MAMET;MARIE-LINE REYNAUD;FRANÇOISE GARANDEAU;JÉRÔME SOURISSEAU;DANIEL SAUVAITRE;CHRISTOPHE GILLET
16_3;ANNE MAINGUY;SYLVAIN MINBIOLLE;JÉRÔME LAMBERT;CLAIRE MARIOT-DURANT;;JEAN-MARC DE LUSTRAC;JEAN-PIERRE THROMAS
17_1;ANTOINE COLIN;ESTHER MEMAIN;SÉGOLÈNE ROYAL;BRIGITTE DESVEAUX;ARNAUD JAULIN;SALLY CHADJAA;MARIE-FRANÇOISE DE LACOSTE LAREYMONDIE
17_2;FRÉDÉRIC CASTELLO;GÉRARD BLANCHIER;SUZANNE TALLARD;PATRICK ANGIBAUD;;JEAN-LOUIS LEONARD;JOAN DESIRE
17_3;ALEXANDRE KIKOLSKI;MICHELLE CARMOUSE;CATHERINE QUERE;STÉPHANE TRIFILETTI;PIERRE MAUDOUX;FRÉDÉRIC NEVEU;AGNÈS KLIEWER
17_4;VALÉRIE BARRAUD;JEAN-YVES BOIFFIER;FABIENNE DUGAS-RAVENEAU;JEAN-LUC GUERBOIS;VALÉRIE VERDUZIER;DOMINIQUE BUSSEREAU;TONY LAMBERT
17_5;ANNE BERNON;JACQUES GUIARD;PASCAL FERCHAUD;LAURENCE MARCILLAUD;MICHEL RENAULT;DIDIER QUENTIN;JEAN-MARC DE LACOSTE LAREYMONDIE
18_1;SYLVIE CERVEAU;YANNICK BEDIN;CÉLINE BEZOUI;PHILIPPE REDOIS;;YVES FROMION;DANIELLE AVON
18_2;RÉGIS ROBIN;NICOLAS SANSU;AGNÈS SINSOULIER-BIGOT;MARIE-JOSÉ LECHELON;;MARIA CRESPEL;FRANÇOIS SCHEID
18_3;ERIC BELLET;NADINE MECHIN;YANN GALUT;JORGE ROIG;MICHEL MROZEK;LOUIS COSYNS;ERWAN LE MINTIER
19_1;MARIE-THÉRÈSE COINAUD;CHRISTIAN AUDOUIN;SOPHIE DESSUS;EVE ALDRIDGE;;MICHEL PAILLASSOU;NICOLE DACCORD
19_2;BRUNO RATIÉ;ERIC COQUEREL;PHILIPPE NAUCHE;DANIEL FREYGEFOND;JEAN-CLAUDE DESCHAMPS;PASCAL COSTE;ALAIN BALMISSE
2A_1;YVES DAIEN;PAUL-ANTOINE LUCIANI;SIMON RENUCCI;ROMAIN COLONNA;;LAURENT MARCANGELI;JOSÉ RISTICONI
2A_2;CLAUDINE RODINSON;DOMINIQUE BUCCHINI;PAUL-MARIE BARTOLI;JEAN-CHRISTOPHE ANGELINI;;CAMILLE DE ROCCA SERRA;BERNARD ANGELINI
2B_1;OLIVIER JOSUE;MICHEL STEFANI;JEAN ZUCCARELLI;GILLES SIMEONI;;SAUVEUR GANDOLFI-SCHEIT;TONY CARDI
2B_2;PIERRETTE GOVI MATTEI;MARIE-JEANNE FEDI;PAUL GIACOBBI;XAVIER LUCIANI;;STÉPHANIE GRIMALDI;ESTELLE MASSONI
21_1;RENÉ BEANCOURT;MARTINE LEPEULE;LAURENT GRANDGUILLAUME;STÉPHANIE MODDE;MARIEN LOVICHI;BERNARD DEPIERRE;VANESSA LANGLET
21_2;CLAIRE ROCHER;NAJATE HAIE;PIERRE PRIBETICH;CATHERINE HERVIEU;PIERRE-LOUIS MONTEIRO;RÉMI DELATTE;STÉPHANE BOUVIER
21_3;STÉPHANE POURNIN;ISABELLE DE ALMEIDA;KHEIRA BOUZIANE;BRUNO LOUIS;ISABELLE LOOS-MAILLARD;PASCALE CARAVEL;SYLVIE RUELLOUX
21_4;LUC MARTIN;ERIC COMPAROT;PATRICK MOLINOZ;SALOMÉ FRANÇOIS-WILSER;;FRANÇOIS SAUVADET;GÉRALD BUFFY
21_5;FRANÇOISE PETET;DELPHINE HELLE;DANIEL CADOUX;ALEXANDRE SOKOLOVITCH;PATRICK HILLON;ALAIN SUGUENOT;RÉMY BOURSOT
22_1;SAMUEL BURLOT;JEAN-FRANÇOIS PHILIPPE;MICHEL LESAGE;;;SYLVIE GRONDIN;CÉLINE LELAUMIER
22_2;JULIEN ROGER;DIDIER GIFFRAIN;VIVIANE LE DISSEZ;MICHEL FORGET;DIDIER LECHIEN;MICHEL VASPART;GÉRARD DE MELLON
22_3;MARTIAL COLLET;CHRISTIANE CHOMBEAU;LOÏC CAURET;RENÉ LOUAIL;ISABELLE-ANNE RIO;MARC LE FUR;PIERRE-MARIE LAUNAY
22_4;MARIE-PIERRE MENGUY;GÉRARD LAHELLEC;ANNIE LE HOUEROU;MICHEL BALBOT;PIERRE SALLIOU;VALÉRIE GARCIA;CATHERINE BLEIN
22_5;KATELL RIVOAL;CLAUDINE FEJEAN;CORINNE ERHEL;MARIE-PASCALE MARTIN;;XAVIER LEC'HVIEN;JEANNE-MARIE FERNAGUT
23_1;ROGER GORIZZUTTI;MARIE-HÉLÈNE POUGET-CHAUVAT;MICHEL VERGNIER;BAPTISTE FRANÇOIS;PATRICK AÏTA;JEAN AUCLAIR;MARTIAL MAUME
24_1;ANDRÉ ROSEVEGUE;VIOLETTE FOLGADO;PASCAL DEGUILHEM;FRANCIS CORTEZ;;PHILIPPE CORNET;ALEXANDRE BODECOT
24_2;BERNARD ALBRIGO;ARMAND ZACCARON;BÉATRICE PATRIE;BRIGITTE ALLAIN;;DOMINIQUE MORTEMOUSQUE;ROBERT DUBOIS
24_3;JACQUES DECOUPY;JEAN-PAUL SALON;COLETTE LANGLADE;NADÈGE RAVIDAT;;MARIE-CLAUDE ABBES;DOMINIQUE HALBOUT DU TANNEY
24_4;IRÈNE LEGUAY;CATHERINE DUPUY;GERMINAL PEIRO;JEAN-PAUL QUENTIN;;NATHALIE FONTALIRAN;EMMANUELLE PUJOL
25_1;NICOLE FRIESS;EMMANUEL GIROD;BARBARA ROMAGNAN;CAMILLE WAECHTER;JULIE BAVEREL;FRANÇOISE BRANGET;ROBERT SENNERICH
25_2;JULIEN MARCOUT;ANNIE MÉNÉTRIER;;ERIC ALAUZET;PHILIPPE GONON;JACQUES GROSPERRIN;VALÉRIE MORETTO
25_3;CHRISTIAN DRIANO;LIONEL MANIERE;ARNAUD MARTHEY;TASSADIT TAHAROUNT;CATHERINE COMTE-DELEUZE;MARCEL BONNOT;ROLAND BOILLOT
25_4;DANIEL JEANNIN;CHANTAL ADAMI;PIERRE MOSCOVICI;BERNARD LACHAMBRE;JEAN-CLAUDE DURUPT;CHARLES DEMOUGE;SOPHIE MONTEL
25_5;CLAUDE FAIVRE;;LILIANE LUCCHESI;FRANÇOIS MANDIL;CHRISTIAN PETIT;ANNIE GENEVARD;CLAUDE VERNIER
26_1;SIMON LAMBERT-BILINSKI;SABRINA BENAMA;ALAIN MAURICE;DANIELLE PERSICO;ROSALIE KERDO;PATRICK LABAUNE;RICHARD FRITZ
26_2;SYLVAIN ORTEGA;PIERRE TRAPIER;CATHERINE COUTARD;JEAN-LOUIS CHUILON;;FRANCK REYNIER;ALAIN CSIKEL
26_3;MIREILLE BERTAUX;CORINNE MOREL DARLEUX;HERVÉ RASCLARD;DELPHINE PETIT;CHANTAL FRITSCH;HERVÉ MARITON;LAURE PELLIER
26_4;ANNIE VITAL;JEAN-MARC DURAND;NATHALIE NIESON;JEAN-DAVID ABEL;;MARIE-HÉLÈNE THORAVAL;JOËL CHEVAL
27_1;CORINNE ROETHLISBERGER;SANDRINE COCAGNE;MICHEL CHAMPREDON;;DRISS ETTAZAOUI;BRUNO LE MAIRE;NATHALIE BILLARD
27_2;ERIC MARRE;VALÉRY BEURIOT;JEAN-LOUIS DESTANS;LUDOVIC LESAGE;EMMANUEL ROUSSEL;JEAN-PIERRE NICOLAS;EMMANUEL CAMOIN
27_3;SYLVIE FAVIER;PASCAL DIDTSCH;MÉLANIE MAMMERI;REBECCA ARMSTRONG;;HERVÉ MORIN;NADIEJDA STEFFAN
27_4;SOPHIE OZANNE;ARNAUD LEVITRE;FRANÇOIS LONCLE;LAETITIA SANCHEZ;ANNE TERLEZ;FRANÇOIS-XAVIER PRIOLLAUD;JULIE BARBIER
27_5;ALAIN LUGUET;JEAN-LUC LECOMTE;HÉLÈNE SEGURA;JÉRÔME BOURLET DE LA VALLEE;CLAIRE O PETIT;FRANCK GILARD;JEAN-MICHEL DUBOIS
28_1;MARIE-JOSÉ AUBERT;INGRID LESCARBOTTE;DAVID LEBON;ANTOINE CHASSAING;;JEAN-PIERRE GORGES;NATHALIE GRENIER
28_2;DOMINIQUE MAILLOT;GISÈLE QUERITÉ;GISÈLE BOULLAIS;CHRISTINE CHASSAING;RONDRO TSIZAZA;OLIVIER MARLEIX;JÉRÔME VAN DE PUTTE
28_3;VINCENT CHEVROLLIER;MYLÈNE CHARTRAIN;HAROLD HUWART;VIVETTE JOLY;MARIE-HÉLÈNE AVENET-CHEVEE;LAURE DE LA RAUDIERE;PHILIPPE LOISEAU
28_4;ANNE-LAURE ASSAYAG;DOMINIQUE GARCIA;;KARIM LAANAYA;;PHILIPPE VIGIER;GUYLAINE BERCHER
29_1;SERGE HARDY;ANDRÉ BERNARD;JEAN-JACQUES URVOAS;MARTINE PETIT;CORINE NICOLAS;GEORGES-PHILIPPE FONTAINE;ALAIN ROUSSEAU
29_2;SYLVIE GOURMELEN;JACQUELINE HERE;PATRICIA ADAM;JULIE LE GOIC;FORTUNÉ PELLICANO;MARC BERTHELOT;MADELEINE FABRE
29_3;CHRIS PERROT;BERTRAND SEYS;JEAN-LUC BLEUNVEN;MAGALI DEVAL;PATRICK PELISSARD;MARGUERITE LAMOUR;JOËL MENARD
29_4;PATRICIA BLOSSE;ISMAËL DUPONT;MARYLISE LEBRANCHU;DOMINIQUE GUIZIEN;CAROLE GUILLERM;AGNÈS LE BRUN;FRANCINE REMACLE
29_5;FRANÇOISE CHAUVEAU;ISABELLE MAZELIN;CHANTAL GUITTET;GAËLLE ROLLAND-CHAPELAIN;ALAIN SOMME;JACQUES LE GUEN;ERIC DECHAMPS
29_6;ANDRÉ MENESGUEN;NOËLLE PEOC'H;RICHARD FERRAND;JOCELYNE LECLERC;;DOMINIQUE CAP;MARIE-ANNE HAAS
29_7;SERGE DEFRANCE;FRANÇOISE PENCALET-KERIVEL;ANNICK LE LOCH;JANICK MORICEAU;MICHEL CANEVET;DIDIER GUILLON;EVELYNE DELGRANGE
29_8;ANNE MOREL;MARCEL TILLY;GILBERT LE BRIS;STÉPHANE LEFLOCH;ERWAN BALANANT;ATTO DOSSENA;GILLES EBROUSSARD
30_1;GUY DEJEAN;SYLVETTE FAYET;FRANÇOISE DUMAS;DOMINIQUE GROSSETETE;;YVAN LACHAUD;JULIEN SANCHEZ
30_2;STÉPHANE MANSON;DANIELLE FLOUTIER;KATY GUYOT;AUGUSTE VICTORIA;;ETIENNE MOURRUT;GILBERT COLLARD
30_3;JEAN EGEA;CHARLES MENARD;PATRICE PRAT;CATHERINE CHOFFAT;;JEAN-MARC ROUBAUD;GILLES CAITUCOLI
30_4;SOPHIE PASQUALINI;EDOUARD CHAULET;FABRICE VERDIER;ODILE VEILLERETTE;;MAX ROUSTAN;HÉLÈNE ZOUROUDIS
30_5;SYLVIE BARBE;JEAN-MICHEL SUAU;WILLIAM DUMAS;ERIC DOULCIER;HENRI FRANCES;JEAN-CHARLES BENEZET;SYBIL VERGNES
30_6;BRUNO CASTEL;MARTINE GAYRAUD;VALÉRIE PEZET;CHRISTOPHE CAVARD;PHILIPPE BERTA;FRANCK PROUST;SYLVIE VIGNON
31_1;BETTINA PICHON;PIERRE LACAZE;CATHERINE LEMORTON;MARIE-PIERRE CASSAGNE;;SACHA BRIAND;BERNARD SCHWAL
31_2;FANNY FONTUGNE;CHARLES MARZIANI;GÉRARD BAPT;CÉCILE PEGUIN;;NICOLAS BONLEUX;SÉVERINE CAVIN
31_3;THOMAS COUDERETTE;MARTINE CROQUETTE;ALAIN FILLOLA;FRANÇOIS SIMON;;JEAN-LUC MOUDENC;SANDRINE CABIOCH
31_4;HEGOA GARAY;MONIQUE DURRIEU;MARTINE MARTINEL;RÉGIS GODEC;YVETTE BENAYOUN-NAKACHE;BERTRAND SERP;SABRINA BAZOUIN
31_5;VINCENT COMBES;MONIQUE MARCONIS;FRANÇOISE IMBERT;MARTINE BOUDET;;GRÉGOIRE CARNEIRO;GUY JOVELIN
31_6;MICHÈLE PUEL;RÉMI VINCENT;MONIQUE IBORRA;ALAIN REFALO;MARTHE MARTI;JOCELYNE VIDAL;MICHÈLE PELLIZZON
31_7;ANNE-MARIE LAFLORENTIE;DANIELLE TENSA;PATRICK LEMASLE;CHRISTIAN VALADE;;CORINNE VIANSSON-PONTE;SERGE LAROZE
31_8;MARTINE GUIRAUD;PATRICK BOUBE;CAROLE DELGA;MICHÈLE CONSTAN;JACQUELINE WINNEPENNINCKX-KIESER;MARTINE RIEU-GRIFFE;NADINE VOLOSCENKO
31_9;PATRICK BRISSET;JEAN-MARC BARES;CHRISTOPHE BORGEL;CHRISTINE ARRIGHI;ERIC GAUTIER;ELISABETH POUCHELON;THÉO BURAS
31_10;RAYMOND COUSTURES;CHRISTIAN PICQUET;KADER ARIF;DIDIER ROD;JEAN-PIERRE ALBOUY;DOMINIQUE FAURE;MARIE LOPAU
32_1;JEAN FALCO;MARYSE DELLAC;PHILIPPE MARTIN;PHILIPPE LE GOANVIC;ELIANE CREPEL;DOUCE DE FRANCLIEU;MARCELLE GIROT
32_2;GAËL SCHULTZ;BRUNO GABRIEL;GISÈLE BIEMOURET;FRANÇOISE DUBOS;FRANCE JOUBERT;GÉRARD DUBRAC;THIERRY UMBER
33_1;ISABELLE LARROQUET;VINCENT MAURIN;SANDRINE DOUCET;ALEXANDRE MARSAT;;CHANTAL BOURRAGUE;CATHERINE BOUILHET
33_2;VALÉRIE PENY;BRIGITTE COMARD;MICHÈLE DELAUNAY;MARIE-CLAUDE NOEL;;NICOLAS FLORIAN;FRANÇOIS JAY
33_3;MARIE FAURE;CÉLINE SIMON;MAUD ANDRIEUX;NOËL MAMERE;BERNARD DEBUC;AGNÈS NEDELEC-BEFVE;BRUNO PALUTEAU
33_4;CHRISTINE HERAUD;ALEXANDRA MEYNARD;CONCHITA LACUEY;PAULA KNIBBS;;ANNE-LISE JACQUET;PHILIPPE BACONNET
33_5;PHILIPPE POUTOU;STÉPHANE LE BOT;PASCALE GOT;STÉPHANE SAUBUSSE;JEAN-LOUIS ALBENTOSA;DAVID GORDON-KRIEF;JACQUES COLOMBIER
33_6;PHILIPPE ROUZE;JOËL SAINTIER;MARIE RECALDE;GÉRARD CHAUSSET;PIERRE BRAUN;THIERRY MILLET;JEAN-LUC AUPETIT
33_7;ISABELLE UFFERTE;AURÉLIA SOURBE;ALAIN ROUSSET;LAURE CURVALE;;AMEL KHATTABI;GÉRARD AUPETIT
33_8;MONIQUE NICOLAS;MÉLISANDE ELIAS;NATHALIE LE YONDRE;VITAL BAUDE;;YVES FOULON;LYDIE CROIZIER
33_9;HERVÉ RIOU;PIERRE AUGEY;GILLES SAVARY;YANN PERSILLON;SOPHIE METTE;MAXIME SIBE;VALÉRIE COLOMBIER
33_10;VIRGINIE DOLE;MARIE-LAURENCE ARNAUD;FLORENT BOUDIE;PASCAL BOURGOIS;;JEAN-PAUL GARRAUD;ANNE-CHRISTINE ROYAL
33_11;NATHALIE VIGIER;VÉRONIQUE LAVAUD;PHILIPPE PLISSON;MICHÈLE BECHET;ALAIN MONTANGON;JEAN-FRANCK BLANC;PIERRE DINET
33_12;LAURENT DELAGE;MICHEL HILAIRE;MARTINE FAURE;DOMINIQUE JOBARD;;YVES D'AMECOURT;GONZAGUE MALHERBE
34_1;FRANCIS VIGUIE;FRÉDÉRIQUE THONNAT;CYRIL MEUNIER;JEAN-LOUIS ROUMEGAS;MARTINE PLANE;CHRISTIAN JEANJEAN;ALAIN JAMET
34_2;MARTINE GRANIER;RENÉ REVOL;ANNE-YVONNE LE DAIN;MUSTAPHA MAJDOUL;ALAIN PRIVAT;ANNE BRISSAUD;YAMINA VION
34_3;THOMAS BALENGHIEN;ROBERT TRINQUIER;FANNY DOMBRE COSTE;MARIE-NOËLLE SIBIEUDE;AURÉLIE ARMAND;JEAN-PIERRE GRAND;JEAN-LUC BOUCHEREAU
34_4;VALÉRIE CABANNE;YVAN GARCIA;FRÉDÉRIC ROIG;NADJA FLANK;HADJ MADANI;ROBERT LECOU;CHRISTIAN CLAUSIER
34_5;MORGANE LACHIVER;MYRIAM HUBERT;KLÉBER MESQUIDA;MICHÈLE COMPS;CAROLINE LARMEE;CATHERINE CECCHI;CONSTANCE CALANDRI
34_6;LAURENT GILHODES;PAUL BARBAZANGE;DOLORES ROQUE;MAGALI MANUS;FRANÇOIS PERNIOLA;ELIE ABOUD;GUILLAUME VOUZELLAUD
34_7;BRIGITTE MOULIN;SÉBASTIEN ANDRAL;SÉBASTIEN DENAJA;ADELINE BERARD;SERGE JENE;GILLES D'ETTORE;FRANCE JAMET
34_8;SOPHIE BIETRIX;MICHEL PASSET;CHRISTIAN ASSAF;FRANÇOIS BARAIZE;;ARNAUD JULIEN;ALEXANDRA POUCET
34_9;AGNÈS OLINET;ANNIE-CLAUDE OTTAN;PATRICK VIGNAL;MICHEL DE LAGAUSIE;;STÉPHAN ROSSIGNOL;JOSEPH CASTANO
35_1;LÉA SOULARD;ERIC BERROCHE;MARIE-ANNE CHAPDELAINE;SOLÈNE RAUDE;GRÉGOIRE LE BLOND;KARIN LEROUX;GENEVIÈVE QUILLET
35_2;FLORENCE DEFRANCE;FRANÇOISE RUBION;NATHALIE APPERE;GILLES NICOLAS;;BERTRAND PLOUVIER;PASCAL CRAMBERT
35_3;BENOIT GUILLET;YANNICK NADESAN;FRANÇOIS ANDRE;YVES SAUVAGE;;PHILIPPE ROUAULT;NIDIA BOUDIER
35_4;GWENNOLA ERMEL;MICHÈLE GILLET;JEAN-RENÉ MARSAC;;DOMINIQUE JULAUD;VÉRONIQUE WESTER-OUISSE;CHRISTIAN RESSORT
35_5;FRANÇOISE HAMARD;JOËLLE COUILLANDRE;ANNE-LAURE LORAY;GAËLLE ROUGIER;JEAN-MARC LECERF;ISABELLE LE CALLENNEC;NADÈGE ANDRE
35_6;FRANÇOISE DUBU;JEAN-FRANÇOIS GARNIER;LOUIS FEUVRIER;AGATHE REMOUE;THIERRY BENOIT;THIERRY DEROLLEZ;ELISABETH DROUIN
35_7;PIERRE CHAPA;SOLENN HALLOU;ISABELLE THOMAS;CAROLE LE BECHEC;JEAN-FRANCIS RICHEUX;GILLES LURTON;PASCAL CLEMENT
35_8;JEAN-PATRICK MULLER;DENIS KERMEN;MARCEL ROGEMONT;MATTHIEU THEURIER;;BRUNO CHAVANAT;CÉDRIC ABDILLA
36_1;ELISABETH MILON;LILIANE BLANC;JEAN-PAUL CHANTEGUET;CAROLINE GAUTHIER;STÈVE SORIA;FRANÇOIS JOLIVET;VIRGINIE SULLY
36_2;CATHERINE MOREAU;JACQUES PALLAS;ISABELLE BRUNEAU;RAPHAËL TILLIE;DORIAN DA SILVA;NICOLAS FORISSIER;MATTHIEU COLOMBIER
37_1;MUNIA EWANJE EPEE;JOSETTE BLANCHET;JEAN-PATRICK GILLE;CAROLINE LARPENT;FANNY SIOUVILLE;GUILLAUME PELTIER;FABIEN-EMMANUEL POUSSARD
37_2;DELPHINE LAUBU;MICHEL COSNIER;ISABELLE GAUDRON;CHRISTOPHE ROSSIGNOL;;CLAUDE GREFF;GILLES GODEFROY
37_3;PATRICK BOURBON;MARTINE BELNOUE;MARISOL TOURAINE;MATHILDE GRALEPOIS;PASCALE TREMBLAY;JACQUES BARBIER;CATHERINE COSTA
37_4;JEAN-JACQUES PRODHOMME;PATRICK FRESNE;LAURENT BAUMEL;GILLES DESCROIX;PHILIPPE OLIVEIRA;HERVÉ NOVELLI;EMILIE THELOT
37_5;MARIE-CLAUDE NEVEU;FRANÇOISE LANGLADE;CLAUDE ROIRON;BERNADETTE LASSUS;PHILIPPE LACROIX;PHILIPPE BRIAND;VÉRONIQUE PEAN
38_1;CÉCILE ALLIBE;ALAIN DONTAINE;GENEVIÈVE FIORASO;ERIC PIOLLE;PHILIPPE DE LONGEVIALLE;JEAN-CLAUDE PEYRIN;MIREILLE D'ORNANO
38_2;FABIEN GIVERNAUD;RENZO SULLI;MICHEL ISSINDOU;MARYSE OUDJAOUDI;;MAGALIE VICENTE;MARIE DE KERVEREGUIN
38_3;MAZDAK KAFAI;PATRICE VOIR;MICHEL DESTOT;YANN MONGABURU;MARIE-CLAIRE NEPI;NATHALIE BERANGER;JEAN-RENÉ BREUIL
38_4;YVON SELLIER;LAURENT JADEAU;MARIE-NOËLLE BATTISTEL;ANNE PARLANGE;;CÉCILIA DURIEU;JEANNINE LATREILLE
38_5;FAOUZIA PERRIN;BRUNO DIAZ;FRANÇOIS BROTTES;VINCENT GAY;MARC LIZERE;MICHEL BERNARD;JEAN MARIA
38_6;DOMINIQUE PONSARD;FRÉDÉRIQUE PENAVAIRE;MICHÈLE CORBIN;ANNE DEVERCHERE;;ALAIN MOYNE-BRESSAND;BERTRAND MARIE
38_7;BRUNO PERRODIN;PATRICK BEDIAT;DIDIER RAMBAUD;MYRIAM LAIDOUNI-DENIS;GILBERT CARLE;JEAN-PIERRE BARBIER;ROBERT ARLAUD
38_8;JACQUES LACAILLE;ANDRÉ MONDANGE;ERWANN BINET;JACQUES JURY;MICHÈLE CEDRIN;JACQUES REMILLER;MARIE GUIMAR
38_9;ALICE PELLETIER;CHRISTIAN TOILLIER;;MICHÈLE BONNETON;MARIE-LIANE DESCHIZEAUX;JULIEN POLAT;NADINE GARCIN
38_10;CHRISTIANNE BORDES;NICOLE VARAS;JOËLLE HUILLIER;PATRICIA ANDRE-CONSTANTIN;DENIS THEVENON;VINCENT CHRIQUI;ANTONIN SABATIER
39_1;ALINE CARTON;NELLY FATON;DANIELLE BRULEBOIS;PATRICE BAU;;JACQUES PELISSARD;JEAN-PIERRE MOUGET
39_2;ALAIN LORENZATI;FRANCIS LAHAUT;RAPHAËL PERRIN;DOMINIQUE BIICHLÉ;;MARIE-CHRISTINE DALLOZ;JOSETTE DEVARIEUX
39_3;NICOLAS GOMET;PATRICK VIVERGE;SYLVIE LAROCHE;AKO HAMDAOUI;MARIE-THÉRÈSE BROCARD;JEAN-MARIE SERMIER;GHISLAINE FRAISSE
40_1;CHRISTIAN SOURBES;ALAIN BACHE;ALAIN VIDALIES;LAURENCE MOTOMAN;PHILIPPE CAZAUBON;ALAIN DUDON;ARNAUD LAGRAVE
40_2;PASCAL CASTERA;JEAN-MARC LESPADE;JEAN-PIERRE DUFAU;ALAIN GODOT;PHILIPPE MOUHEL;JULIEN DUBOIS;LAURENCE MONTEIL
40_3;MARC ISIDORI;ISABELLE FIGUERES;HENRI EMMANUELLI;BERNADETTE CAMPAGNE-IBARCQ;HENRY-LOUIS PICQUET;MARIA-FILOMÉNA LABASTE;JULIEN ANTUNES
41_1;MARIE-ANNE CLEMENT;LAURIANNE DELAPORTE;DENYS ROBILIARD;FRANÇOIS THIOLLET;;NICOLAS PERRUCHOT;MICHEL CHASSIER
41_2;FLAVIA VERRI;BERNADETTE LEMENAGER;TANIA ANDRE;SYLVAINE LAVAUD-RAVION;LOUIS DE REDON;PATRICE MARTIN-LALANDE;TATIANA GABILLAS
41_3;CLAUDE LAMY;PATRICK CALLU;KARINE GLOANEC MAURIN;FLORENT GROSPART;;MAURICE LEROY;JEAN-YVES NARQUIN
42_1;CLÉMENTINE VIGNAL;MARYSE BIANCHIN;RÉGIS JUANICO;DOMINIQUE JOUBERT;GILLES ARTIGUES;ERIC BERLIVET;RAPHAËLLE JEANSON
42_2;DENIS RIVIER;VANESSA PECEL;JEAN-LOUIS GAGNAIRE;NOÉLIE BUISSON-DESCOMBES;;ALEXANDRA CUSTODIO;FRANCIS RONGIER
42_3;ANDRÉ MOULIN;VINCENT BONY;PHILIPPE KIZIRIAN;ALAIN BARBASSO;;FRANÇOIS ROCHEBLOINE;SÉVERINE BRUN
42_4;ODILE COTE;CHRISTOPHE FAVERJON;JEAN-CLAUDE REYMOND;LÉLA BENCHARIF;MICHÈLE PEREZ;DINO CINIERI;ROBERT HEYRAUD
42_5;GÉRARD DUMAS;JEAN-PAUL LOIRE;LAURE DEROCHE;SERGE ALIBERT;JEAN-FRANÇOIS VIAL;YVES NICOLIN;MICHÈLE AGRAFEIL
42_6;CÉCILE MAISONNETTE;NICOLE BIETRIX;LILIANE FAURE;LAURÈNE MARTIN;;PAUL SALEN;SOPHIE ROBERT
43_1;MAX CHAMBON;YVES PRAT;GUY VOCANSON;LUCIEN SEYTRE;ANNE-AUDREY PERRIN-PATURAL;LAURENT WAUQUIEZ;PIERRE CHEYNET
43_2;ANNIE BOUBAULT;MICHELLE CHAUMET;ANDRÉ CHAPAVEIRE;CELLINE GACON;;JEAN-PIERRE VIGIER;MARIA RAIA
44_1;CLAUDINE JEGOUREL;AYMERIC SEASSAU;CHRISTINE MEYER;FRANÇOIS DE RUGY;;FRANÇOIS PINTE;GUYLÈNE FRIARD
44_2;SANDRA CORMIER;ELIANA DELISANTE;MARIE-FRANÇOISE CLERGEAU;PASCALE CHIRON;YVON CHOTARD;LAURENCE GARNIER;MICHEL LOMBARDO
44_3;BRUNO HERVE;MARIE-ANNICK BENATRE;JEAN-MARC AYRAULT;JEAN-FRANÇOIS TALLIO;EMILIA NETO;ANNICK LE RIDANT;CHRISTIAN BOUCHET
44_4;PAUL RAYNAUD;MIREILLE PERNOT;DOMINIQUE RAIMBOURG;DIDIER QUERAUD;;ISABELLE MERAND GAUTHIER;SYLVIE CARAYOL
44_5;PATRICIA PEILLON;FRANÇOISE THIBAUD MESLE;MICHEL MENARD;GENEVIÈVE LEBOUTEUX;MAURICE PERRION;NOURA MOREAU;ANNE ETOURNEAU
44_6;CHRISTOPHE HELOU;LAURENT DAVID;YVES DANIEL;YVES AUBRY;HERVÉ MADOUAS;MICHEL HUNAULT;XAVIER RENAUD
44_7;MARIE-FRANCE BELIN;VÉRONIQUE MAHE;HÉLÈNE CHALLIER;LAURENT DUBOST;PATRICIA GALLERNEAU;CHRISTOPHE PRIOU;ANNIE-CHANTAL DURAND
44_8;THIERRY BRULAVOINE;YVON RENEVOT;MARIE-ODILE BOUILLE;PASCALE HAMEAU;XAVIER BRUCKERT;MARYVONNE LE LIBOUX;JEAN-CLAUDE BLANCHARD
44_9;ANNIE HERVO;GAUTHIER LORTHIOIS;MONIQUE RABIN;MAHEL COPPEY;PHILIPPE FINTONI;PHILIPPE BOENNEC;MARGUERITE LUSSAUD
44_10;MARTINE GUILBERT;PEDRO MAIA;SOPHIE ERRANTE;FRANCK NICOLON;ALAN CORAUD;LAURENT DEJOIE;HERVÉ LECA
45_1;ROBERT COUTURE;CÉCILE HUBERT;IBRAHIM CHOUCAIR;JEAN-PHILIPPE GRAND;TAHAR BEN CHAABANE;OLIVIER CARRE;DOMINIQUE SANGUINETTI
45_2;MARIE-PIERRE REGNAULT;SYLVIE DUBOIS;CHRISTOPHE CHAILLOU;MOÏSETTE CROSNIER;GUY TORREILLES;SERGE GROUARD;PHILIPPE LECOQ
45_3;ELSA DE MORAIS;SYLVIE VAUVILLIERS;PHILIPPE FROMENT;SOPHIE HECQUET;;CLAUDE DE GANAY;ETIENNE TRAPP
45_4;DOMINIQUE CLERGUE;FRANCK DEMAUMONT;JALILA GABORET;CHANTAL BALLIN;;JEAN-PIERRE DOOR;BERNARD CHAUVET
45_5;CÉLINE SOTTEJEAU;KARINE PERCHERON;CAROLE CANETTE;DOMINIQUE CLAISSE;ARLETTE GOUNOT;MARIANNE DUBOIS;JEANNE BEAULIER
45_6;EDDY TALBOT;OLIVIER HICTER;VALÉRIE CORRE;SYLVIE CASTRO;LAURENCE DUVAL;CHARLES-ERIC LEMAIGNEN;ELIZABETH ALAGNOUX
46_1;PATRICK BELLOIS;SERGE LAYBROS;DOMINIQUE ORLIAC;FRANCESCO TESTA;MICHEL ROUMEGOUX;AURELIEN PRADIE;ELIZABETH LAPIERRE
46_2;GERARD BARDE;BERNADETTE BALOCHE;JEAN LAUNAY;FLORENCE GODEFROY DEMOMBYNES;JEAN-CLAUDE TASSAIN;ELLEN DAUSSE;JULIA PLANE
47_1;VLADIMIR BELMON;PATRICE DUFAU;LUCETTE LOUSTEAU;MARYSE COMBRES;BRUNO DUBOS;JEAN DIONIS DU SEJOUR;HÉLÈNE COLLET
47_2;ALAN CATHELINE;RAYMOND GIRARDI;MATTHIAS FEKL;PIERRE SALANE;;MICHEL DIEFENBACHER;ETIENNE BOUSQUET-CASSAGNE
47_3;LUC CHEVILLOTTE;MARIE-HÉLÈNE LOISEAU;JÉRÔME CAHUZAC;LIONEL FEUILLAS;;JEAN-LOUIS COSTES;CATHERINE MARTIN
48_1;JEAN-LUC GALIBERT;GUY GALVIER;SOPHIE PANTEL;CLAUDE LHUILLIER;;PIERRE MOREL-A-L'HUISSIER;JEAN-FRANÇOIS PARDIGON
49_1;JEAN-LUC GODET;ISABELLE LELIEVRE;LUC BELOT;JAMILA DELMOTTE;LOUIS-MARIE BACHELOT;PAUL JEANNETEAU;GAËTAN DIRAND
49_2;PHILIPPE LEBRUN;BORIS BATTAIS;MARC GOUA;BRUNO BARON;FRANÇOIS CAILLEAU;MAXENCE HENRY;MICHEL SCHAEFFER
49_3;BRIGITTE BELLANGER;ALAIN PAGANO;JEAN-MICHEL MARCHAND;NATHALIE BENARD;CLAUDE BERNARD;JEAN-CHARLES TAUGOURDEAU;JEAN-FRANÇOIS DE BRUGIERE
49_4;LOLA DUVEAU;GAËLLE CHARDON;SOPHIE SARAMITO;CATHERINE BRAUER;;MICHEL PIRON;MONIQUE LIEUMONT BRIAND
49_5;DENIS PLARD;AURÉLIE MONROUZEAU;LAURENCE ADRIEN-BIGEON;PIERRE CHALOPIN;XAVIER COIFFARD;GILLES BOURDOULEIX;DANIELLE DURET
49_6;CÉLINE L'HUILLIER;MARC GICQUEL;SERGE BARDY;MARIANNE PRODHOMME;ALAIN PICARD;HERVÉ DE CHARETTE;OLIVIER DOUAY
49_7;DIDIER TESTU;STÉPHANIE DUPEYROUX;SILVIA CAMARA-TOMBINI;ROMAIN LAVEAU;CHRISTIAN BARON;MARC LAFFINEUR;MARIE COURTIN
50_1;MICHÈLE POHYER;ISABELLE LE CANN;CHRISTINE LE COZ;JÉRÔME VIRLOUVET;;PHILIPPE GOSSELIN;DENIS FERET
50_2;LAURENCE DERREY;PATRICE CELLA;GÉRARD SAURE;JEAN LEGUELINEL;BERNARD TREHET;GUÉNHAËL HUET;MARIE-FRANÇOISE KURDZIEL
50_3;CHANTAL GIRRES;CHRISTIAN DUVINAGE;STÉPHANE TRAVERT;MARINE LEMASSON;GABRIEL DAUBE;ALAIN COUSIN;CARMEN MASSON
50_4;NATHALIE MENARD;RALPH LEJAMTEL;BERNARD CAZENEUVE;CATHERINE MARREY;CYRIL BOURDON;DAVID MARGUERITTE;JEAN-JACQUES NOEL
51_1;VINCENT VARLET;CÉDRIC LATTUADA;SABRINA GHALLAL;STÉPHANE JOLY;;ARNAUD ROBINET;THIERRY BESSON
51_2;THOMAS ROSE;FRANCOISE GEORGES;ERIC QUENARD;NADINE CORTIAL;;CATHERINE VAUTRIN-PENNAFORTE;PASCALE EVANNO
51_3;MICHEL MARTIN;JEAN-PIERRE LANGLET;JEAN-PAUL ANGERS;ERIC LOISELET;;PHILIPPE MARTIN;DAVID MASCRE
51_4;JULIEN DICHANT;DOMINIQUE VATEL;RUDY NAMUR;DOMINIQUE DETERM;;BENOIST APPARU;EDITH ERRE
51_5;DAMIEN MONDOT;NATHALIE MAYANCE;MARIANE DOREMUS;SYLVIE BOUCHE;;CHARLES DE COURSON;PASCAL ERRE
52_1;CHARLOTTE CORMERAIS;CÉLINE SUREL;;PATRICIA ANDRIOT;JEAN LIPP;LUC CHATEL;THOMAS SUILLOT
52_2;SYLVAIN DEMAY;DANIEL MONNIER;DENIS MAILLOT;LAURE GROSHEITSCH;;FRANÇOIS CORNUT-GENTILLE;PAUL-MARIE COUTEAUX
53_1;EMILE SEIGNEUR;AURÉLIEN GUILLOT;GUILLAUME GAROT;ISABELLE KOZLOWSKI;ISABELLE DUTERTRE;SAMIA SOULTANI-VIGNERON;MARIE-ALIX LE COMTE
53_2;MARTINE AMELIN;JULIE COCHIN;MARIE-NOËLLE TRIBONDEAU;CLAUDE GOURVIL;ELISABETH DOINEAU;GUILLAUME CHEVROLLIER;JOCELYNE MALLEZ
53_3;ANNE REMINIAC;HERVÉ EON;;CHRISTIAN QUINTON;ALEXANDRA LEULIETTE;YANNICK FAVENNEC;BRUNO DE LA MORINIERE
54_1;SÉBASTIEN BORGES;MATHIEU PIOTROWSKI;CHAYNESSE KHIROUNI;CHRISTOPHE PIERRE;DANIÈLE NOËL;LAURENT HENART;NATACHA WASZEZYNSKI
54_2;JOE LABAT;PIERRE HANEGREEFS;HERVÉ FERON;PATRICIA CARTIGNY;MARC SAINT-DENIS;VALÉRIE ROSSO-DEBORD;NATHALIE REPUSSEAU
54_3;ANNICK JOLIVET;SERGE DE CARLI;CHRISTIAN ECKERT;MICHEL TESTI;;ETIENNE MANGEOT;AUDREY IOZZO
54_4;PIERRE NORDEMANN;CLAUDE BLAQUE;;MARIE-NEIGE HOUCHARD;;JACQUES LAMBLIN;PASCAL BAUCHE
54_5;MICHEL SIMONIN;ANNIE LEVI-CYFERMAN;DOMINIQUE POTIER;JACQUELINE FONTAINE;HERVÉ BROSSEAU;NADINE MORANO;OLIVIER VINQUANT
54_6;CHRISTIAN MINARY;JULIE MEUNIER;JEAN-YVES LE DEAUT;AHMED REMAOUN;;STÉPHANE PIZELLE;JEAN-LUC MANOURY
55_1;CLAUDE KAISER;MÉLANIE TSAGOURIS;DIANA ANDRE;JEAN-MARC FLEURY;;BERTRAND PANCHER;DOMINIQUE BILDE
55_2;MARCEL PERIN;ERIC BERNARDI;JEAN-LOUIS DUMONT;DOMINIQUE RONGA;;CLAUDE LEONARD;GILBERT PROT
56_1;PATRICE CRUNIL;ANNICK MONOT;HERVÉ PELLOIS;AKIM KHOUNCHEF;GILLES DUFEIGNEUX;FRANÇOIS GOULARD;BRUNO PETIT
56_2;ANNICK COATEVAL;ROLLAND LE SAUCE;NATHALIE LE MAGUERESSE;ANNE-MARIE BOUDOU;;PHILIPPE LE RAY;CLAUDE LE NY
56_3;CÉDRIC CADORET;CHRISTIAN DANIEL;JEAN-PIERRE LE ROCH;ANDRÉ LOCUSSOL;;YVES BLEUNVEN;GISÈLE BURBAN
56_4;JEAN-LOUIS AMISSE;ALAIN LE GUENNEC;CHARLES-EDOUARD FICHET;PAUL MOLAC;JEAN-LUC BLEHER;FRANÇOIS GUEANT;JEAN-PAUL FELIX
56_5;CYRIL LE BAIL;JOËL GALLAIS;GWENDAL ROUILLARD;JEAN-PAUL AUCHER;FLORENCE DONATO-LEHUEDE;BRIGITTE MÉLIN;JOËLLE BERGERON
56_6;GWÉNAËLLE COATEVAL;GÉRARD PERRON;PHILIPPE NOGUES;CLAIRE DUVAL;;JACQUES LE NAY;ULLA PAULAT
57_1;CÉCILE LOPEZ;PATRICK ABATE;AURÉLIE FILIPPETTI;JULIEN VICK;CHRISTINE SINGER;JULIEN FREYBURGER;DELPHINE HAFFNER
57_2;ALBERT DAL POZZOLO;DANIELLE BORI;JEAN-MICHEL TOULOUZE;SOPHIE REIMERINGER;MARJORIE GOUJON;DENIS JACQUAT;THIERRY GOURLOT
57_3;GAËL DIAFERIA;JACQUES MARECHAL;CHRISTIANE PALLEZ;CLAUDINE URRUTY;AGNÈS MIGAUD;MARIE-JO ZIMMERMANN;FRANÇOISE GROLET
57_4;ANNELYSE JACQUEL;ESTELLE GALLOT;JEAN-YVES SCHAFF;CORINNE MORGEN;;ALAIN MARTY;CASSANDRE FRISTOT
57_5;CARMEN EICHERT;ALPHONSE WALTER;ANGÈLE DUFFLO;MICHEL UHRING;;CÉLESTE LETT;PHILIPPE-MARCEL ARMAND
57_6;LOLA LEGRAND;;LAURENT KALINOWSKI;PASCAL SCHUSTER;FRANCIS SCHMITT;PIERRE LANG;FLORIAN PHILIPPOT
57_7;CATHERINE LAINEZ;;PAOLA ZANETTI;FABIENNE SCHNITZLER;;ANDRÉ WOJCIECHOWSKI;NATHALIE PIGEOT
57_8;BERNARD THIERRY;PATRICK PERON;MICHEL LIEBGOTT;PASCAL DIDIER;FRÉDÉRIC DI EGIDIO;SYLVIE THOMAS-JAMINET;FABIEN ENGELMANN
57_9;GUY MAURHOFER;ANNIE HACKENHEIMER;BERTRAND MERTZ;ELIANE ROMANI;;ANNE GROMMERCH-BRANDENBURGER;ELISABETH BARGET
58_1;GENEVIÈVE LEMOINE;BERNARD DUBRESSON;MARTINE CARRILLON-COUVREUR;WILFRID SEJEAU;XAVIER RICHARD;JEAN-LUC GAUTHIER;VALÉRIE RENARD
58_2;DOMINIQUE DUPUIS;MONIQUE CHOQUEL;CHRISTIAN PAUL;ANAIS HUBERT;;MICHÈLE BOUCOMONT;MARCEL STEPHAN
59_1;ALESSANDRO DI GIUSEPPE;JOSEPH DEMEULEMEESTER;BERNARD ROMAN;ELISE JEANNE;YVES DELAHAIE;HERVÉ-MARIE MORELLE;ERIC DILLIES
59_2;PASCALE ROUGEE;UGO BERNALICIS;AUDREY LINKENHELD;ERIC QUIQUET;;CAROLINE BOISARD-VANNIER;THÉRÈSE LESAFFRE
59_3;MARIE-CLAUDE RONDEAUX;FATIHA KACIMI;RÉMI PAUVROS;DOMINIQUE LABIS;RICHARD MEUNIER;CHRISTINE MARIN;LOUIS-ARMAND DE BEJARRY
59_4;NATHALIE BAUDRIN;EDITH GABRELLE;HÉLÈNE PARRA;VINCIANE FABER;;MARC-PHILIPPE DAUBRESSE;STÉPHANIE KOCA
59_5;XAVIER LAPIERRE;BERNARD DEBREU;ALAIN CACHEUX;FRANCINE HERBAUT DAUPTAIN;;SÉBASTIEN HUYGHE;SERGE CATTELIN
59_6;SARAH-LOUISE SARDOU;NADINE SAVARY;ANGÉLIQUE DEFFONTAINE;MARYSE FABER-ROSSI;;THIERRY LAZARO;ANNIE LEMAHIEU
59_7;SABINE RYELANDT;ISABELLE VANSPEYBROECK;MARJOLAINE PIERRAT-FERAILLE;CLAUDINE DEBOVE;GEORGES DUVAL;FRANCIS VERCAMER;GIANNI MELI
59_8;FRANÇOISE DELBARRE;ERIC MOUVEAUX;DOMINIQUE BAERT;SLIMANE TIR;;SALIMA SAA;FRANÇOISE COOLZAET
59_9;MARYLINE MOUCHOUX;MARTINE ROUSSEL-VANHEE;JACQUES MUTEZ;THÉRÈSE KOZLOWSKI-MARESCAUX;MARIETTE BONTINCK;BERNARD GERARD;JEAN-FRANÇOIS BLOC
59_10;CHRISTOPHE CHARLON;DOMINIQUE DE CLERCQ DANEL;ZINA DAHMANI;BERNARD DESPIERRE;FRÉDÉRIC LEFEBVRE;GÉRALD DARMANIN;JEAN-RICHARD SULZER
59_11;FATIMA ABDELLAOUI;ARNAUD MARIE;YVES DURAND;LISE DALEUX;YANN FOURNIER;THIERRY PAUCHET;NATHALIE ACS
59_12;JEAN-CHARLES COURNUT;BERNARD BAUDOUX;CHRISTIAN BATAILLE;LAURENT BERNIER;;JOËL WILMOTTE;ANNE-SOPHIE LEVEQUE
59_13;DOMINIQUE WAILLY;DAVID THIEBAUT;CHRISTIAN HUTIN;MARCEL LEFEVRE;PIERRE YANA;FRANÇOIS ROSSEEL;PHILIPPE EYMERY
59_14;DAVID HAILLANT;DELPHINE CASTELLI;JEAN SCHEPMAN;JOSÉ SZYMANIAK;MARTINE BEURAERT;JEAN-PIERRE DECOOL;JEAN-FRANÇOIS VENDEVILLE
59_15;MARIE-FRANCE CLAEYSSEN;BÉATRICE VEIT-TORREZ;JEAN-PIERRE ALLOSSERY;THIERRY WILLAEY;;JEAN-PIERRE BATAILLE;PASCAL PRINCE
59_16;ROGER MARIE;JEAN-JACQUES CANDELIER;CHRISTIAN ENTEM;ADRIAN HILDEBRANDT;LAURENT DESMONS;MIREILLE MORELLE;MARIE BOCQUET
59_17;FLORENCE L'HOSTIS;MARC DOLEZ;MONIQUE AMGHAR;LUCILE WACHEUX;BRUNO VANDEVILLE;BRUNO BUFQUIN;CHANTAL BOJANEK
59_18;AGNÈS RISBEC;BRIGITTE LEFEBVRE;MARTINE FILLEUL;PIERRE LAPERELLE;;FRANÇOIS-XAVIER VILLAIN;SAMUEL LENCLUD
59_19;JACKY BOUCOT;MICHEL LEFEBVRE;ANNE-LISE DUFOUR-TONINI;MANUEL HERBOMEL;ANTONIO NOTARIANNI;OLIVIER CAPRON;CATHERINE ROUVIER
59_20;BRUNO LECLERCQ;ALAIN BOCQUET;SÉBASTIEN URGU;MICHEL HECQUET;;MONIQUE HUON;NATHALIE BETEGNIES
59_21;ERIC PECQUEUR;FABIEN THIEME;;SANDRINE ROUSSEAU;;JEAN-LOUIS BORLOO;GUY CANNIE
60_1;FRANÇOIS LAPORTE;MARIE-LAURE DARRIGADE;BÉATRICE LEJEUNE;SÉBASTIEN DE GOUY;;OLIVIER DASSAULT;SANDRINE LEROY
60_2;RENÉE POTCHTOVIK;PIERRE RIPART;SYLVIE HOUSSIN;AMANDINE HERBAUT;SANDRINE MAKAREWICZ;JEAN-FRANÇOIS MANCEL;FLORENCE ITALIANI
60_3;ROLAND SZPIRKO;JEAN-PIERRE BOSINO;MICHEL FRANCAIX;ISABELLE MAUPIN;BRAHIM BELMHAND;MARIE-CHRISTINE SALMONA;KARIM OUCHIKH
60_4;CATHERINE CHEMINEAU;SÉVERINE BERGER;;PATRICK CANON;ALEXANDRE BABILOTTE-BASKE;ERIC WOERTH;MYLÈNE TROSZCYNSKI
60_5;HÉLÈNE BECHERINI;GÉRALDINE MINET;FABRICE DALONGEVILLE;LUC LEBRUN;RONAN TANGUY;LUCIEN DEGAUCHY;JEAN-PAUL LETOURNEUR
60_6;JEAN-MARC ISKIN;PATRICE CARVALHO;JEAN-PIERRE COSSIN;KARINE DUTEIL;FRANÇOIS MENARD;FRANÇOIS-MICHEL GONNOT;MICHEL GUINIOT
60_7;SÉBASTIEN OLLIER;LOÏC PEN;CLAUDE GEWERC;PATRICIA DORE;LUC SOISSON;EDOUARD COURTIAL;ANDRÉ FOUCHARD
61_1;CHRISTINE COULON;GÉRARD POMMIER;JOAQUIM PUEYO;MARTINE ROUSSEL;;BERTRAND DENIAUD;LIONEL STIEFEL
61_2;CHANTAL FLORES;JEAN-CLAUDE MARIE;SOUAD EL MANAA;;JEAN SELLIER;VÉRONIQUE LOUWAGIE;PATRICK FOURNY
61_3;GRÉGORY CORDURIE;JEAN CHATELAIS;YVES GOASDOUE;OMAR AYAD;ODILE LECROSNIER;JÉRÔME NURY;FRANCINE LAVANRY
62_1;DOMINIQUE DURAND;XAVIER SCHMIDT;JEAN-JACQUES COTTEL;SERGE RAVAUX;BRUNO DUVERGE;MICHEL PETIT;JEAN-PIERRE D'HOLLANDER
62_2;PASCALE TILLIER;SANDRA DUSAUTOIR-DIONET;JACQUELINE MAQUET;LAURE OLIVIER;;JEAN-MARIE PRESTAUX;DALILA DECOBERT
62_3;MICHEL DARRAS;BRUNO TRONI;GUY DELCOURT;JEAN-FRANÇOIS CARON;;SOPHIE GAUTHY;FREDDY BAUDRIN
62_4;PATRICK MACQUET;LAURENCE SAUVAGE;VINCENT LENA;ALEXANDRE POIRET;LAURENT WEILL;DANIEL FASQUELLE;FRANCIS LEROY
62_5;NICOLAS FOURNIER;BRIGITTE PASSEBOSC;FRÉDÉRIC CUVILLIER;FANNY PUPPINCK;;LAURENT FEUTRY;ANTOINE GOLLIOT
62_6;VINCENT MAGNIEZ;BETTY CHARLES;BRIGITTE BOURGUIGNON;MIGUEL TORRES;THIERRY ANSEL;FRÉDÉRIC WACHEUX;OLIVIER DELBE
62_7;FRANÇOISE MILLOT;JACKY HENIN;YANN CAPET;VÉRONIQUE BOUTIN;;PHILIPPE MIGNONET;FRANÇOISE VERNALDE
62_8;LAURE BOUREL;RENÉ HOCQ;MICHEL LEFAIT;CATHERINE GLINATSIS;DANY MASSET-MALLEVAES;FRANÇOIS DECOSTER;EVELYNE GERONNEZ
62_9;MARIE-DANIÈLE DUQUENNE;PASCAL BAROIS;STÉPHANE SAINT-ANDRE;ANNE ECUYER;;ANDRÉ FLAJOLET;AURÉLIA BEIGNEUX
62_10;FLORE LATASTE;THOMAS BOULARD;SERGE JANQUIN;LISETTE SUDIC-TAILLIEU;ELODIE MILOT;MAUREEN LELEU;MONIQUE LAMARE
62_11;NATHALIE HUBERT;JEAN-LUC MELENCHON;PHILIPPE KEMEL;MARINE TONDELIER;JEAN URBANIAK;MICHEL VAST;MARINE LE PEN
62_12;RÉGIS SCHEENAERTS;CHRISTIAN CHAMPIRE;NICOLAS BAYS;HERVÉ RUBIN;ANNE DELPECH;FRÉDÉRIC LAMAND;CHARLOTTE SOULA
63_1;ALAIN LAFFONT;CYRIL CINEUX;ODILE SAUGUES;YVES REVERSEAU;MICHEL FANGET;JEAN-PIERRE BRENAS;JACQUELINE SIMON
63_2;DOMINIQUE LECLAIR;PASCAL ESTIER;CHRISTINE PIRES BEAUNE;AGNÈS MOLLON;ANNE-MARIE REGNOUX;LIONEL MULLER;GÉRALD PERIGNON
63_3;GÉRARD WEIL;PATRICIA GUILHOT;PHILIPPE GORCE;DANIELLE AUROI;STANISLAS RENIÉ;LOUIS GISCARD D'ESTAING;MARIE-CHRISTINE GUIBERT
63_4;PATRICK GOYEAU;ELÉONOR PERISE;JEAN-PAUL BACQUET;HÉLÈNE FOURVEL-PELLETIER;VALÉRIE COUDUN;BERTRAND BARRAUD;DOMINIQUE MOREL
63_5;SANDRINE CLAVIERES;ANDRÉ CHASSAIGNE;MARTINE MUNOZ;HUBERT CONSTANCIAS;MICHEL SAUVADE;MAXIME COSTILHES;ERIK FAUROT
64_1;ERIC SCHATZ;OLIVIER DARTIGOLLES;MARTINE LIGNIERES-CASSOU;DANIÈLE IRIART;PHILIPPE ARRAOU;NICOLAS PATRIARCHE;PHILIPPE BOELL
64_2;MARIANNE LIGOU;DANIEL LABOURET;NATHALIE CHABANNE;EURYDICE BLED;FRANÇOIS BAYROU;ERIC SAUBATTE;JESSICA BERNADEZ
64_3;LAURENCE ESPINOSA;CLAUDINE BONHOMME;DAVID HABIB;DAVID GROSCLAUDE;SOPHIE BONNABAUD;BÉATRICE YRONDI;PASCAL DUSSART
64_4;PEDRO CARRASQUEDO;ROBERT BAREILLE;FRANÇOIS MAITIA;ALICE LEICIAGUECAHAR;JEAN LASSALLE;MARC OXIBAR;CATHERINE BOUTELANT-JESER
64_5;SERGE NOGUES;BERNADETTE LAVIGNE;COLETTE CAPDEVIELLE;MARIE-ANGE THEBAUD;JACQUES VEUNAC;JEAN GRENET;CHANTAL RENOU
64_6;SYLVIE LAPLACE;YVETTE DEBARBIEUX;SYLVIANE ALAUX;PHILIPPE ETCHEVERRY;MARIE CONTRAIRES;MICHÈLE ALLIOT-MARIE;FRANK JALLEAU-LONGUEVILLE
65_1;IRÈNE ZAMBETTAKIS;CLAUDE MARTIN;JEAN GLAVANY;JEAN-MARC LUCE;DENIS TAJAN;GÉRARD TREMEGE;ALEXANDRE GOESSENS
65_2;CHRISTIAN ZUERAS;MARIE-PIERRE VIEU;JEANINE DUBIE;MARIE-LAURE BONDON;JEAN-PIERRE AUGUET;JEAN-PIERRE ARTIGANAVE;PHILIPPE MANUSSET
66_1;STÉPHANIE FONT;JEAN VILA;JACQUES CRESTA;AGNÈS LANGEVINE;CHRISTINE ESPERT;DANIEL MACH;LOUIS ALIOT
66_2;LIBERTO PLANA;FRANÇOISE FITER;TOUSSAINTE CALABRESE;MARIE-PAULE RICARD;;FERNAND SIRE;IRINA KORTANEK
66_3;DANIEL FABRESSE;DANIEL BORREILL;SÉGOLÈNE NEUVILLE;JEAN-MARC PANIS;;JEAN CASTEX;BRUNO LEMAIRE
66_4;JEAN BOUCHER;NICOLAS GARCIA;PIERRE AYLAGAS;BRUNO ROUANE;;JACQUELINE IRLES;MARIE-THÉRÈSE COSTA-FESENBECK
67_1;SOPHIE COUDRAY;JOSIANE NERVI-GASPARINI;ARMAND JUNG;SANDRA REGOL;JEAN-MARCEL BRULE;ANNE HULNE;MARIE-CHRISTINE AUBERT
67_2;AURÉLIEN DUMEZ;ANTOINE SPLET;PHILIPPE BIES;ERIC SCHULTZ;PASCALE TUSSING;JEAN-PHILIPPE MAURER;XAVIER CODDERENS
67_3;MARIE-CLAIRE LECHENE;MARC BAADER;;ANDRÉE BUCHMANN;MATHILDE KARCELES;ANDRÉ SCHNEIDER;HUGUETTE FATNA
67_4;VALÉRIE ACKER;JULIEN RATCLIFFE;NADINE SOCCIO;LUC HUBER;DANIELLE MEYER-TRABER;SOPHIE ROHFRITSCH;PASCALE ELLES
67_5;PATRICK DUTTER;ARIANE HENRY;;DANIEL EHRET;MICHEL GILARDEAU;ANTOINE HERTH;CHRISTIAN COTELLE
67_6;JEANNE-FRANÇOISE LANGLADE;DOROTHÉE UNTERBERGER;ASTRID SCHARLY;JEAN VOGEL;ANNE-SOPHIE FRELIGER;LAURENT FURST;BRIGITTE TINOT
67_7;LILIANE BAS;BÉNÉDICTE HERRGOTT;;MICHÈLE COMTE;THIERRY CARBIENER;PATRICK HETZEL;LAURENT GNAEDIG
67_8;CATHERINE GSELL;SÉVERINE CHARRET;NICOLE HABERMACHER;ALPHONSE SIBLER;;FRÉDÉRIC REISS;DIANA GARNIER
67_9;GEORGES DIZDAREVIC;JEAN-MARC CLAUS;CLARISSE CHABOD;FRANÇOISE WERCKMANN;;CLAUDE STURNI;JEAN-CLAUDE ALTHERR
68_1;GILLES SCHAFFAR;GUY PETERSCHMITT;VICTORINE VALENTIN;FRÉDÉRIC HILBERT;YVES BAUMULLER;ERIC STRAUMANN;VINCENT WISS
68_2;MYRIAM SPRINGAUX;GUY BUECHER;FABIEN BECKER;HENRI STOLL;;JEAN-LOUIS CHRIST;JULIA ABRAHAM
68_3;GÉRAUD FERRY;GENEVIÈVE ENGGASSER;;ANTOINE WAECHTER;ALEXANDRA DELAUNAY-HARTEMANN;JEAN-LUC REITZER;STÉPHANIE FAESCH
68_4;CLAUDE HOLLER;NADIA PETER-LANTZ;ANTOINE HOME;;;MICHEL SORDI;RAOUL BIONDI
68_5;JULIEN WOSTYN;ALINE PARMENTIER;PIERRE FREYBURGER;DJAMILA SONZOGNI;EMMANUELLE SUAREZ;ARLETTE GROSSKOST;LUDOVIC DE DANNE
68_6;ABDEL-MAJID BOUCENNA;HUBERT STRAUEL;MALIKA SCHMIDLIN-BEN M'BAREK;LAURENT BOITELLE;RÉGIS BASCHUNG;FRANCIS HILLMEYER;MARTINE BINDER
69_1;MARIE-CHRISTINE PERNIN;CLAUDE LANHER;THIERRY BRAILLARD;PHILIPPE MEIRIEU;FLORENCE MAURY;MICHEL HAVARD;ANDRÉ MORIN
69_2;FABRICE CROS;ANNE CHARMASSON-CREUS;PIERRE-ALAIN MUET;EMELINE BAUME;;EMMANUEL HAMELIN;BLANCHE CHAUSSAT
69_3;FRANÇOISE CHALONS;ELENI FERLET;JEAN-LOUIS TOURAINE;FANNY DUBOT;CÉLINE BOS;LAURE DAGORNE;JEANNE DE CARBONNIERES
69_4;JEAN-NOËL DUDUKDJIAN;PIERRE-YVES BESSEAS;ANNE BRUGNERA;PIERRE HEMON;BERTRAND PICOLET;DOMINIQUE NACHURY;NICOLE HUGON
69_5;JIM BUGNI;VÉRONIQUE CHIAVAZZA;JACKY DARNE;KIM PROUHET;JOANNE SAVOYE-DI SPIRITO;CYRILLE BOUVAT;ALAIN CHEVALIER
69_6;CLAIRE LAINEZ;SONIA BOVE;PASCALE CROZON;VINCENT MORLAND;;EMMANUELLE HAZIZA;STÉPHANE PONCET
69_7;STÉPHANE GUYON;BERNARD GENIN;HÉLÈNE GEOFFROY;FRANÇOISE MERMOUD;FRANÇOIS-XAVIER PENICAUD;YANN COMPAN;CHRISTOPHE BOUDOT
69_8;CYRIL DUVINAGE;LAURENT MORENO;SHEILA MC CARRON;SÉVERINE MUSA;CHARLOTTE HOFFMANN;PATRICE VERCHERE;PAUL-ALEXANDRE MARTIN
69_9;CHANTAL HELLY;DANIELLE LEBAIL;DOMINIQUE VIAL;VINCENT MEYER;;BERNARD PERRUT;JULIEN ROCHEDY
69_10;ODILE MIRGUET;HÉLÈNE TRONCIN;FLORENCE PERRIN;VÉRONIQUE HARTMANN;ROLAND CRIMIER;CHRISTOPHE GUILLOTEAU;AGNÈS MARION
69_11;OLIVIER MINOUX;RENÉ BALME;FRANCE GAMERRE;JEAN-CHARLES KOHLHAAS;;GEORGES FENECH;AGNÈS HENRY
69_12;CÉCILE FAURITE;DANIEL DELEAZ;JOËLLE SECHAUD;CYRIL KRETZSCHMAR;CYRILLE ISAAC-SIBILLE;MICHEL TERROT;MURIEL COATIVY
69_13;MICHEL PIOT;ISABELLE CHANVILLARD;FARIDA BOUDAOUD;MATTHIEU DOMMANGE;;PHILIPPE MEUNIER;ANDRÉ POZZI
69_14;MARIE-CHRISTINE SEEMANN;MICHÈLE PICARD;YVES BLEIN;ZAFER GIRISIT;SALIHA MERTANI;CHRISTOPHE GIRARD;SANDRINE LIGOUT
70_1;THÉRÈSE GARRET;CLOTILDE PROT;CLAUDY CHAUVELOT-DUBAN;DOMINIQUE GAFFARD;JEAN-CLAUDE GAY;ALAIN CHRETIEN;COLETTE CLERC
70_2;DANIEL ROUILLON;GILLES LAZAR;JEAN-MICHEL VILLAUMÉ;MARIE-CLAIRE THOMAS;FABRICE BARASSI-ZAMOCHNIKOFF;MICHEL RAISON;JEAN RECEVEUR
71_1;FRANÇOIS LY WA HOI;JACQUY LIEVRE;THOMAS THEVENOUD;NICOLE ESCHMANN;SOPHIE MICOLLET;GÉRARD VOISIN;EVELYNE JURAIN
71_2;JOHANNE MOREL;ISABELLE VOILLOT;EDITH GUEUGNEAU;NICOLAS GUILLEMET;;JEAN-MARC NESME;MARIE-CHRISTIANE COLAS
71_3;MARIE-CHRISTINE DUBOIS;SERGE DESBROSSES;PHILIPPE BAUMEL;FRANÇOIS LOTTEAU;;JEAN-PAUL ANCIAUX;ESTELLE ARNAL
71_4;PASCAL DUSSAUGE;ISABELLE PIRAT;CÉCILE UNTERMAIER;MARIE-CLAUDE COLIN-CORDIER;;ARNAUD DANJEAN;ALAIN QUEQUIN
71_5;JEAN-PAUL VILLETTE;JACKY DUBOIS;CHRISTOPHE SIRUGUE;ABDOULKADER ATTEYE;KARINE DELORME;ISABELLE DECHAUME;CHRISTIAN LAUNAY
72_1;AMBRE COMBES;THIERRY SAMAIN;FRANÇOISE DUBOIS;CATHERINE GOUHIER;GUY ROBERT;FABIENNE LABRETTE-MENAGER;JEAN-FRANÇOIS LE GRAS
72_2;DIDIER FOUCHE;PASCALE SOULARD;MARIETTA KARAMANLI;RÉMY BATIOT;;PHILIPPE METIVIER;MARIE D'HERBAIS
72_3;THOMAS HUBERT;SONIA HERTZ;GUY-MICHEL CHAUVEAU;THIERRY PRADIER;LOÏC BARDIN;BÉATRICE PAVY-MORANCAIS;JEAN-CLAUDE BARLEMONT
72_4;THIERRY NOUCHY;CHANTAL HERSEMEULE;STÉPHANE LE FOLL;ISABELLE SEVERE;CÉCILE GUILLOCHER;MARC JOULAUD;HENRI DELAUNE
72_5;ORIANNE MAY;LUC-MARIE FABUREL;CHRISTOPHE ROUILLON;ELEN DEBOST;;DOMINIQUE LE MENER;MARIE-CLAUDE DEOTTO
73_1;MYRIAM COMBET;BRIGITTE ANDREYS;;ALAIN CARACO;;DOMINIQUE DORD;VÉRONIQUE-JEANNE DRAPEAU
73_2;ORIANE CHAMPANHET;HENRI MORANDINI;FRANÇOIS RIEU;YVES PACCALET;;HERVÉ GAYMARD;ROBERT BONNET LIGEON
73_3;RÉGIS MOULARD;CHRISTIANE LEHMANN;BÉATRICE SANTAIS;BÉATRICE FAURE;;PIERRE-MARIE CHARVOZ;ERIC MARMILLON
73_4;LAURENT RIPART;JEAN-CLAUDE BERNARD;BERNADETTE LACLAIS;CAROLE PLASSIARD-BRUNET;;CHRISTIANE BRUNET;JOËLLE REGAIRAZ
74_1;BETHSABÉE LUNEL;ELIANE CHAZAL VINDRET;CHRISTIAN JEANTET;CLAUDE COMET;;BERNARD ACCOYER;ANDRÉ ADOBATI
74_2;PHILIPPE METRAL-BOFFOD;NATHALIE HIRAUX;DENIS DUPERTHUY;FRANÇOIS ASTORG;LAURENT VIOTTO;LIONEL TARDY;CLAUDE BIESSE
74_3;CLAUDE BADET;ROLAND POURRAZ;;GILBERT SAILLET;;MARTIAL SADDIER;KATIA TERRAS
74_4;CATHERINE DERRIEN;DANIEL RICHARD;GUILLAUME MATHELIER;CATHERINE WALTHERT SELOSSE;ANTOINE VIELLIARD;VIRGINIE DUBY-MULLER;ANNE BARDOUX
74_5;CHRISTINE PESSAH;ODILE ROUFFIGNAC;PASCALE ESCOUBÈS;EMILIE DELBAYS-ATGÉ;;MARC FRANCINA;PATRICK CHEVALLAY
74_6;DENISE GOMEZ;GILBERT PERRIN;MARIE-FRANCE MARCOS;CORINNE BARO;;SOPHIE DION;DOMINIQUE MARTIN
75_1;LAURENCE BOULINIER;ANNE SABOURIN;CLAIRE MOREL;JACQUES BOUTAULT;SANDRA FELLOUS;PIERRE LELLOUCHE;ANNIE THIERRY
75_2;CHRISTOPHE DARMANGEAT;AMAR BELLAL;AXEL KAHN;LAURENT AUDOUIN;ANNE-SOPHIE GODFROY-GENIN;FRANÇOIS FILLON;MARC LE TANNEUR
75_3;AURÉLIE PHILIBERT;FRÉDÉRIQUE LAIZET;ANNICK LEPETIT;AGNÈS MICHEL;THIERRY COUDERT;VALÉRIE PAPAREMBORDE;CATHERINE CREMOUX
75_4;PIERRE LEVENARD;FABIENNE DOS SANTOS;AGNÈS PANNIER;ISABELLE FAUGERAS;MARTINE LE GALL;BERNARD DEBRE;JEAN MAIREY
75_5;ISABELLE FOUCHER;MARTINE BILLARD;SEYBAH DAGOMA;ANNE SOUYRIS;;BENJAMIN LANCAR;JEAN-BAPTISTE MARLY
75_6;SYLVIANE CHARLES;DANIELLE SIMONNET;SYLVAIN GUY;CÉCILE DUFLOT;SYLVIE MAMY;JACK-YVES BOHBOT;FRANÇOIS VIAL
75_7;STÉPHANE REY;CATHERINE VIEU-CHARIER;PATRICK BLOCHE;CORINE FAUGERON;JACKY MAJDA;CLAUDE-ANNICK TISSOT;TIPHAINE LEOST
75_8;YVES ROUX;ALEXIS CORBIERE;SANDRINE MAZETIER;CHRISTOPHE NAJDOVSKI;JEAN-MARIE TAPHOUREAU;CHARLES BEIGBEDER;CHRISTIAN VAUGE
75_9;DAVID BOULLE;EMMANUELLE BECKER;JEAN-MARIE LE GUEN;GUILLAUME FILLON;FADILA MEHAL;ANNE-SOPHIE SOUHAITE;CATHERINE CRETON
75_10;SOPHIE BOURNAZEL;LEÏLA CHAIBI;MICHEL FIZE;DENIS BAUPIN;CHANTAL GODINOT;CHENVA TIEU;BRUNO LALOUETTE
75_11;FLORINE WONG;DOMINIQUE NOGUERES;PASCAL CHERKI;CÉLIA BLAUEL;JEAN-FRANÇOIS MARTINS;JEAN-PIERRE LECOQ;CLAIRE COUTAU-BEGARIE
75_12;SYLVIE TRIDON;MARIANNE JOURNIAC;CAPUCINE EDOU;CHRISTIANE COUDRAY;STÉPHANE COSSE;PHILIPPE GOUJON;CATHERINE SALVISBERG
75_13;JEAN CHAMBRUN;VÉRONIQUE SANDOVAL;GILLES ALAYRAC;JEAN LAFONT;DELPHINE GIRARD;JEAN-FRANÇOIS LAMOUR;OLIVIER CORNU
75_14;JEAN-PIERRE DALMAS;LAURA PAILLER;ANNIE NOVELLI;CATHERINE RIBES;BÉATRICE LECOUTURIER;CLAUDE GOASGUEN;MARC DE JOUSSINEAU
75_15;PÉNÉLOPE DUGGAN;DIDIER LE RESTE;GEORGE PAU-LANGEVIN;ARLETTE ZILBERG;SONIA OUERTANI;NATHALIE FANFANT;GENEVIÈVE BEDUNEAU
75_16;CHRISTIAN GHIOTTI;SERGIO TINTI;JEAN-CHRISTOPHE CAMBADELIS;BERNARD JOMIER;VIOLETTE BARANDA;JEAN-JACQUES GIANNESINI;MICHEL CIARDI
75_17;GUILLAUME FLORIS;IAN BROSSAT;DANIEL VAILLANT;BARBARA FELEDZIAK;GUILLAUME ANCELET;ROXANE DECORTE;VANESSA LANCELOT
75_18;SALMA OUMARI;MARIE-PIERRE TOUBHANS;CHRISTOPHE CARESCHE;BASTIEN FRANÇOIS;GRÉGOIRE ARTINIAN;PIERRE-YVES BOURNAZEL;ANNABELLE LETACONNOUX
76_1;JOSÉ MARIN;CARINE GOUPIL;VALÉRIE FOURNEYRON;STÉPHANE MARTOT;DIDIER POLIN;CYRILLE GRENOT;GUILLAUME PENNELLE
76_2;CATHERINE SAILLARD;CHRISTIAN GAUTHIER;CHANTAL MENARD;VÉRONIQUE MOINET;ALAIN TERNISIEN;FRANÇOISE GUEGOT;ELIZABETH LALANNE DE HAUT
76_3;CHRISTINE POUPIN;HUBERT WULFRANC;LUCE PANE;JEAN-PIERRE LANCRY;BRAHIM CHARAFI;BRIGITTE BRIERE;JACQUES GAILLARD
76_4;REGIS LOUAIL;PATRICE DUPRAY;LAURENT FABIUS;CLAIRE LUTZ;;FRANCK MEYER;NICOLAS BAY
76_5;CHRISTOPHE POUSSIN;VALÉRIE LEBRUN;CHRISTOPHE BOUILLON;MARIE-FRANCE PERSIL;;VALÉRIE KARMERE-LOISEL;THIMOTHÉE HOUSSIN
76_6;MICHELLE PETITEVILLE;SÉBASTIEN JUMEL;SANDRINE HUREL;FRÉDÉRIC WEISZ;SERGE RENAUDIN;MICHEL LEJEUNE;SOPHIE PETEL
76_7;MARIE-HÉLÈNE DUVERGER;NATHALIE NAIL;LAURENT LOGIOU;MARIE-HÉLÈNE BOILEAU;;EDOUARD PHILIPPE;ANGÉLIQUE IDCZAK
76_8;DANIEL DIEUDONNE;JEAN-PAUL LECOQ;CATHERINE TROALLIC;PIERRE DIEULAFAIT;;AGNÈS CANAYER;PHILIPPE FOUCHE-SAILLENFEST
76_9;MAGALI CAUCHOIS;CÉLINE BRULIN;ESTELLE GRELIER;ALAIN PLANTAZ;CÉDRIC LECARPENTIER;DANIEL FIDELIN;GENEVIÈVE SALVISBERG
76_10;ERIC MOISAN;ALINE FLAUX;DOMINIQUE CHAUVEL;JOLANTA AVRIL;;ALFRED TRASSY-PAILLOGUES;ISABELLE GILBERT
77_1;JEAN-LOUIS GUERRIER;THOMAS GUYARD;LIONEL WALKER;BÉNÉDICTE MONVILLE-DE CECCO;;JEAN-CLAUDE MIGNON;BÉATRICE ROULLAUD
77_2;VIVIANE MOGUELET;DAVID ALLAERT;ROSELINE SARKISSIAN;LILIANE PAYS;ISABELLE PIOT;VALÉRIE LACROUTE;GILBERT BOUCLY
77_3;CATHERINE VAN CAUTEREN;JEAN-LUC MAILLOT;PATRICIA INGHELBRECHT;MARIE-LISE GEFFROY;;YVES JEGO;VIRGINIE RECHER
77_4;FRANÇOISE COTTIN;MARTINE MARCHAND;CÉLIA FIRMIN;FRÉDÉRIC CHAPELANT;THIERRY VALLEE;CHRISTIAN JACOB;PASCAL ABERLEN
77_5;FRANCK MAUREL;JEAN-FRANÇOIS DIRRINGER;ELISABETH ESCUYER;PHILIPPE CLUZEAU;;FRANCK RIESTER;ROBERT CLAUS
77_6;ANNIE RIEUPET;GUILLAUME QUERCY;;CAROLINE PINET;VICTOR-MANUEL NIUBO ANDREU;JEAN-FRANÇOIS COPE;MARIE-CHRISTINE ARNAUTU
77_7;GÉRARD DELIMARD;MARIANNE MARGATE;SOPHIE CERQUEIRA;ANTOINE PARODI;;YVES ALBARELLO;GEORGES MARTIN
77_8;FRÉDÉRIC RENAULT;MARIE-LUCE NEMO;EDUARDO RIHAN CYPEL;JULIE NOUVION;MICHEL GERES;CHANTAL BRUNEL;CHANTAL DELHAYE
77_9;FLORENCE WOODS;DELPHINE HEUCLIN;SÉBASTIEN PODEVYN;ROSE DE LA FUENTE;;GUY GEOFFROY;MARTINE CLEMENT-LAUNAY
77_10;GABRIELLE FRIJA;FRANK MOULY;EMERIC BREHIER;ALAIN LECLERC;MATHILDE QUILLERE;CLAUDINE THOMAS;FRANCINE HANTZBERG
77_11;ANNE DE LA TORRE;CATHERINE PETIT;OLIVIER FAURE;ODILE MONTAGNE;ANNE-LAURE BORDERIES;CATHY BISSONNIER;ANNE JACQMIN
78_1;SONIA ALLANI;EMILIE GERMAIN-VEDRENNE;ISABELLE THIS SAINT-JEAN;JEAN-LUC MANCEAU;JEAN-MARC COURSIN;FRANÇOIS DE MAZIERES;DOMINIQUE TOULY
78_2;DIDIER RINGOT;ESTHER PENOUILH;JACQUES LOLLIOZ;BRIGITTE BOUCHET;FLAVIEN BAZENET;VALÉRIE PÉCRESSE;FRANÇOIS SIMÉONI
78_3;OLIVIER AUGUSTIN;CATHERINE RADIX;FABIENNE GELGON-BILBAULT;ANNE-MARIE ROCHON;;HENRI GUAINO;SOPHIE SOUCHÈRE
78_4;LAURENCE HESSE;FLORENCE BIHET;SANDRINE DUBOS;JOSÉ TOMAS;ELISABETH SAUNIER;PIERRE LEQUILLER;LILIANE TARAUD
78_5;ALAIN LÉPICIER;ROGER AUDROIN;MICHÈLE VITRAC-POUZOULET;ROMAIN CHIARADIA;CAROLINE BOISNEL;JACQUES MYARD;ANNE DE FERLUC
78_6;MARIELLE SAULNIER;ALAIN OUTREMAN;EDDIE AÏT;KARINE PEIGER;FRANCK CHEFDOR;PIERRE MORANGE;JUDITH LOUVEL
78_7;MARTINE PETITPAIN;MOUNI COUDOUX;ESTELLE RODES;GAËL CALLONNEC;DENIS FAIST;ARNAUD RICHARD;ALEXANDRE DELPORT
78_8;MAURICE MARTIN;ERIC ROULOT;FRANÇOISE DESCAMPS-CROSNIER;JOËL MARIOJOULS;ATIKA-HAYET MORILLON;CÉCILE DUMOULIN;PATRICIA COTE
78_9;PHILIPPE GOMMARD;NAVID HUSSAIN-ZAIDI;;MOUNIR SATOURI;;JEAN-MARIE TETART;PIERRE CHASSIN
78_10;FLORENCE BEDAGUE;CLAIRE VIGNAUD;;ANNY POURSINOFF;MICHEL LHEMERY;JEAN-FRÉDÉRIC POISSON;PHILIPPE CHEVRIER
78_11;CHRISTINE EGASSE;LUC MISEREY;BENOÎT HAMON;JÉRÉMY BIZET;EVELYNE DUQUENNOY;JEAN-MICHEL FOURGOUS;JACQUES DAIROU
78_12;FRÉDÉRIC HEMERY;MICHÈLE VALLADON;FRÉDÉRIK BERNARD;SOPHIE RENARD;;DAVID DOUILLET;BERNARD HUET
79_1;MARYSE VALLEE;NATHALIE SEGUIN;GENEVIÈVE GAILLARD;VIRGINIE LEONARD;JEAN-MICHEL PRIEUR;JÉRÔME BALOGE;LUCIE CHAUMERON
79_2;ANDRÉ DEPOUILLE;CHRISTINE ANTOINE;DELPHINE BATHO;GENEVIÈVE PAILLAUD;SOLANGE BROUXEL;XAVIER ARGENTON;PHILIPPE MAURIN
79_3;LUDVIC SZOTOWSKI;THIBAUT LALU;JEAN GRELLIER;CYRIL POUCLET;PIERRE BUREAU;PHILIPPE MOUILLER;JEAN-ROMÉE CHARBONNEAU
80_1;MICKAËL WAMEN;JEAN-CLAUDE RENAUX;PASCALE BOISTARD;LYACOUT HAÏCHEUR;VLADIMIR MENDÈS BORGÈS;STÉPHANE DECAYEUX;YVON FLAHAUT
80_2;BRUNO PALENI;MARIANNE MUGNIER;JACQUES GOFFINON;BARBARA POMPILI;OLIVIER BOUZY;OLIVIER JARDÉ;VALÉRY DRUEL
80_3;LAURENCE ACOULON;COLETTE DUROT;JEAN-CLAUDE BUISINE;FRANK MONCOMBLE;DAVID LEFEVRE;JÉRÔME BIGNON;NATHALIE HUIART
80_4;PASCAL FLAMENT;AGNÈS FRUITIER;CATHERINE QUIGNON;CHRISTIAN WYTTYNCK;JEAN-CHRISTOPHE LORIC;ALAIN GEST;VALÉRY LE DOUGUET
80_5;HÉLÈNE LAUNAY;CHRISTINE BARBIER;VALÉRIE KUMM;ELODIE HÉREN;;STÉPHANE DEMILLY;WALLERAND DE SAINT JUST
81_1;FANNY TOURRAILLE;GÉRALDINE ROUQUETTE;GÉRARD POUJADE;BENOIST COULIOU;PHILIPPE FOLLIOT;RICHARD AMALVY;FRÉDÉRIC CABROLIER
81_2;LOÏC ESCAICH;ANDRÉ BOUDES;JACQUES VALAX;CATHERINE MANUEL;FRANÇOISE RODET;HENRI DEL REY;MARIE-CHRISTINE BOUTONNET
81_3;CHANTAL TRESSENS;PHILIPPE GUERINEAU;LINDA GOURJADE;FRANCINE RICOUART;ANNE LAPERROUZE;BERNARD CARAYON;JEAN-PAUL PILOZ
82_1;RICHARD BLANCO;MARIE-CLAUDE BOUYSSI;VALÉRIE RABAULT;JEAN-JACQUES BOYER;THIERRY FAGET;BRIGITTE BAREGES;THIERRY VIALLON
82_2;JEAN-PAUL DAMAGGIO;MAXIMILIEN REYNES-DUPLEIX;SYLVIA PINEL;JOËLLE SIMONET;;PHILIPPE DE VERGNETTE;MARIE-CLAUDE DULAC
83_1;NICOLE JEUNE;PHILIPPE HIMBER;ROBERT ALFONSI;JOSETTE CORBIN;PIERRE-JACQUES DEPALLENS;GENEVIÈVE LEVY;DANIÈLE LE GAC
83_2;RENÉE DEFRANCE;LUC LEANDRI;MIREILLE PEIRANO;OLIVIER LESAGE;ANNA RALLO;PHILIPPE VITEL;JEAN-YVES WAQUET
83_3;FRÉDÉRIC GOURC;GILBERTE MANDON;JOËL CANAPA;FRANÇOISE GUILMOTO;JEAN DONZEL;JEAN-PIERRE GIRAN;BRUNO GOLLNISCH
83_4;DIDIER GRASSINEAU;JEAN-MARIE BERNARDI;;JEAN-LAURENT FELIZIA;;JEAN-MICHEL COUVE;JEAN-LOUIS BOUGUEREAU
83_5;MURIEL MONCHAL;MARIE-DOMINIQUE FIÈVRE;MARTINE BOUVARD;SERGE CASTRO;PHILIPPE MICHEL;JORDI-DIT-GEORGES GINESTA;DAVID RACHLINE
83_6;JEAN-CHARLES PIPINO;ALAIN BOLLA;GÉRARD BLEINC;DELPHINE VAN HOOREBEKE;;JOSETTE PONS;ARMELLE DE PIERREFEU
83_7;HENRI PASCAL;CHRISTINE SAMPÉRÉ;LADISLAS POLSKI;MICHEL CANTINOL;DAMIEN GUTTIEREZ;JEAN-SÉBASTIEN VIALATTE;FRÉDÉRIC BOCCALETTI
83_8;FIORELLA CHAUDESSOLLE;JOËLLE MECAGNI;BERNARD CLAP;MARYSE RÉTALI;;OLIVIER AUDIBERT-TROIN;GENEVIÈVE BLANC
84_1;STÉPHANE GESLIN;ANDRÉ CASTELLI;MICHÈLE FOURNIER-ARMAND;MOHAMED ZAIDAT;PIERRE MAUREL;VALÉRIE WAGNER;THIBAULT DE LA TOCNAYE
84_2;SALVATOR RIZZA;MARC BRUNET;MICHEL FUILLET;JACQUES OLIVIER;;JEAN-CLAUDE BOUCHET;EMILE CAVASINO
84_3;BERTRAND HELLEU;ROGER MARTIN;CATHERINE ARKILOVITCH;BERNARD MAUNIER;BERNARD HOFMANN;JEAN-MICHEL FERRAND;MARION MARECHAL-LEPEN
84_4;NATHALIE LACLAU;FABIENNE HALOUI;PIERRE MEFFRE;;SYLVIE TRITTO;BÉNÉDICTE MARTIN;ANNIE-FRANCE SOULET
84_5;ADELINE ROMERO;JOSETTE PESSEMESSE;JEAN-FRANÇOIS LOVISOLO;BETTY CARVOU;;JULIEN AUBERT;MARTINE FURIOLI-BEAUNIER
85_1;FRANÇOIS LAGLEIZE;ANITA CHARRIEAU;MARTINE CHANTECAILLE;ANNE VALIN;JOSEPH NICOLEAU;ALAIN LEBOEUF;RICHARD DUCRET
85_2;PATRICK FOURNIER;JOCELYN ABJEAN;SYLVIANE BULTEAU;MARIE-YANNICK BRIZAR LE BORGNE;FRANÇOISE FONTENAILLE;DOMINIQUE CAILLAUD;BRIGITTE NEVEUX
85_3;DOMINIQUE BELUGOU;OLIVIER LINEATTE;JACQUES FRAISSE;CLAUDINE GOICHON;CHRISTIAN PRAUD;LOUIS GUEDON;DANIÈLE VOUZELLAUD
85_4;MICHEL STAMBOULI;MARIE-FRANÇOISE MICHENAUD;MAÏ HAEFFELIN;DANIEL RONDEAU;CHRISTIAN RICOT;VÉRONIQUE BESSE;MARYSE BORIE
85_5;MARIE-CLAUDE RAMBAUD;MICHÈLE TRICOIRE;HUGUES FOURAGE;TONY DEMEURANT;BÉATRICE MOINARD;JOËL SARLOT;JEAN-CLAUDE PASQUIER
86_1;BRUNO RIONDET;NATHALIE RIMBAULT-RAITIERE;ALAIN CLAEYS;ARNAUD CLAIRAND;BERNARD THEVENET;JACQUELINE DAIGRE;LAURE BRARD
86_2;MARYSE DESBOURDES;THIERRY MIREBEAU;CATHERINE COUTELLE;MARIE-MADELEINE JOUBERT;NATHALIE GUILLET;OLIVIER CHARTIER;HUBERT ADELINE
86_3;DANIÈLE CASSETTE;SAMUEL BOUGRIER;JEAN-MICHEL CLEMENT;MICHEL CHERON;;ENGUERRAND DELANNOY;CÉCILE PERROT
86_4;PATRICE VILLERET;PIERRE BARAUDON;CHRISTIAN MICHAUD;VÉRONIQUE MASSONNEAU;NICOLAS TURQUOIS;JEAN-PIERRE ABELIN;ERIC AUDEBERT
87_1;ELISABETH FAUCON;CLAUDE TOULET;ALAIN RODET;DIDIER TESCHER;NADINE RIVET;FLORENCE PRÉVOT-SOLA;NICOLE SERRE
87_2;CLAUDINE ROUSSIE;MARIE-JOSÉ DUMASDELAGE;DANIEL BOISSERIE;MARIE LABAT;CHRISTOPHE LECHEVALLIER;FRÉDÉRICK PEYRONNET;YANNICK VIDAUD
87_3;DANIEL CLEREMBAUX;;CATHERINE BEAUBATIE;GHISLAINE JEANNOT-PAGÈS;;JEAN-MARC GABOUTY;CATHERINE LAPORTE
88_1;EVELYNE ABBOT;VINCENT GEHIN;FRANÇOIS-XAVIER HUGUENOT;GILLES BILOT;BERTRAND PARMENTIER;MICHEL HEINRICH;JORDAN GROSSE-CRUCIANI
88_2;JACQUES BALU;SANDRA BLAISE;JACK LANG;FABIEN NIEZGODA;JESSICA HENRIOT;GÉRARD CHERPION;JEAN-FRANÇOIS JALKH
88_3;SÉBASTIEN BOUVIER;DOMINIQUE CHOLEZ;ELISE CALAIS;CLAIRE SCHAFF;FRANÇOIS GREMILLET;FRANÇOIS VANNSON;RACHEL SEMBACH
88_4;MAURICE COLAS;AUDREY VOYEN;CHRISTIAN FRANQUEVILLE;FLORENCE LAMAZE;;JEAN-JACQUES GAULTIER;LOUISE BUCHMANN
89_1;NICOLE ASSEGOND;ALAIN RAYMONT;GUY FEREZ;MAUD NAVARRE;JOËL RIGOLAT;GUILLAUME LARRIVÉ;RICHARD JACOB
89_2;AUDREY DUMONT;MARTINE MILLET;JEAN-YVES CAULLET;THOMAS GUÉRET;;JEAN-MARIE ROLLAND;CLAUDE DASSIÉ
89_3;MICHEL LEME;ELODIE DELION;NICOLAS SORET;JEAN ROUSSEL;;MARIE-LOUISE FORT;EDOUARD FERRAND
90_1;CHRISTIANE PETITOT;JACQUES RAMBUR;ANNE-MARIE FORCINAL;EVA PEDROCCHI;RENAUD ROUSSELET;DAMIEN MESLOT;MARC ARCHAMBAULT
90_2;JEAN-MARIE PHEULPIN;EMMANUEL PETITJEAN;ETIENNE BUTZBACH;VINCENT JEUDY;JEAN-CHRISTOPHE MESSIN;MICHEL ZUMKELLER;ISABELLE ROY
91_1;FRANCIS COUVIDAT;ULYSSE RABATE;MANUEL VALLS;DANIELLE VALERO;JACQUES GERING;CRISTELA DE OLIVEIRA;JEAN-PIERRE BRAY
91_2;ESTER NOWERSZTERN;FRANÇOIS JOUSSET;BÉATRICE PERIE;XAVIER GUIOMAR;ANNIE CHEININE-FEUVRAIS;FRANCK MARLIN;FRANCK SAILLEAU
91_3;LAURENCE ROËDER GRYSON;PHILIPPE CAMO;MICHEL POUZOL;STEEVY GUSTAVE;NICOLAS MEARY;GENEVIÈVE COLOT;FRANÇOISE ANDRIEU
91_4;OLIVIER LEBRETON;DOMINIQUE BARDY;OLIVIER THOMAS;JACQUES-LUCIEN SERNA;GABRIELLE NGUYEN;NATHALIE KOSCIUSKO-MORIZET;BRIGITTE DUPIN
91_5;ANGÉLIQUE GROSMAIRE;GILLES LASCHON;MAUD OLIVIER;MARIE-PIERRE DIGARD;JEAN-PAUL MORDEFROID;HERVÉ HOCQUARD;PIERRE GUILLERMAIN
91_6;CATHERINE ABIET;COLETTE JAN;FRANÇOIS LAMY;MICHEL ROUYER;;GRÉGOIRE DE LASTEYRIE;CÉDRIC GIRAUD
91_7;MARC HOQUET;GABRIEL AMARD;FRANÇOIS GARCIA;EVA SAS;ALAIN VILLEMEUR;FRANÇOISE BRIAND;AUDREY GUIBERT
91_8;THOMAS CHUST;VÉRONIQUE LATAPIE;AUDE BRISTOT;FLORIE LE VAGUERESE-MARIE;ERIC VALAT;NICOLAS DUPONT-AIGNAN;MARIE-THÉRÈSE DONZEAU
91_9;IBRAHIMA DIA;MARIE-FRANCE WINGHARDT;THIERRY MANDON;MARIE-CECILE LEBRUN;DAPHNÉ RACT-MADOUX;GEORGES TRON;ISABELLE COCHARD
91_10;CHANTAL DUBOULAY;FRANÇOIS DELAPIERRE;MALEK BOUTIH;CHRISTIAN SOUBRA;SERGE GAUBIER;MARIANNE DURANTON;GAËL FOUILLEUL
92_1;MICHEL BRETON;ROLAND MUZEAU;ALEXIS BACHELAY;TAOUFIK HALEM;KARIM YAHIAOUI;NORA DJELLAB;RÉMI CARILLON
92_2;ARMELLE PERTUS;JEAN-MICHEL TARRIN;SÉBASTIEN PIETRASANTA;LAURENT GUILLARD;;MANUEL AESCHLIMANN;GUILLAUME L'HUILLIER
92_3;MATHILDE EISENBERG;ADÉLAÏDE NATUREL;JEAN-ANDRÉ LASSERRE;ANNE LE GUENNIOU;FLORENCE VILLEDEY;JACQUES KOSSOWSKI;FLORIANE DENIAU
92_4;AURÉLIEN SCHOUMAKER;JACQUELINE FRAYSSE;YACINE DJAZIRI;LAURE FOULLON;DAVID MORGANT;CHRISTIAN DUPUY;LAURENT SALLES
92_5;MIREILLE LAMBERT;FRANÇOIS DELALLEAU;GILLES CATOIRE;ALAIN FOURNIER;ALVINE MOUTONGO-BLACK;PATRICK BALKANY;GEOFFROY RONDEPIERRE
92_6;CAROLINE GAUJARD;IOANNA MAYHEAD;MARIE BRANNENS;EMMANUEL PRUVOST;FRANCK FAVEUR;JEAN-CHRISTOPHE FROMANTIN;NICOLE HERVE
92_7;ANNE-LAURE CHAUDON;CAMILLE BARRE;BERTRAND ROCHERON;;OLIVIER HOSTEINS;PATRICK OLLIER;LUCIA LAPORTE
92_8;MIGUEL SEGUI;DOMINIQUE RABANY;CATHERINE LIME-BIFFE;CATHERINE CANDELIER;NADIA MORDELET-CARRIERE;JEAN-JACQUES GUILLET;ANNE LE BAUT
92_9;MINA KHALIL;ISABELLE GÖITIA;MARTINE EVEN;ODILE JOYEUX;DOROTHÉE PINEAU;CLAUDE GUEANT;JULIEN DUFOUR
92_10;VANESSA RONCHINI;LYSIANE ALEZARD;LAURENT PIEUCHOT;LUCILE SCHMID;FABIENNE GAMBIEZ;ANDRÉ SANTINI;SANDRINE BUNOT
92_11;ALAIN JACQUES;MARIE-HÉLÈNE AMIABLE;JULIE SOMMARUGA;RODÉRIC AARSSE;MEHDI BENHABRI;JEAN-LOUP METTON;MARIE DE FONTENAILLES
92_12;ROBERT LARCHER;JOCELYNE LE METAYER;JEAN-MARC GERMAIN;FRANCINE BAVAY;CHRISTIAN DELOM;PHILIPPE PEMEZEC;BLANCHE DOUCET
92_13;FRANCK ROLLOT;PASCALE LE NEOUANNIC;JULIEN LANDFRIED;FABIEN FEUILLADE;PAUL CASSIA;PATRICK DEVEDJIAN;MICHEL GEORGET
93_1;NAÏMA AMIRI;HAYAT DHALFA;BRUNO LE ROUX;MAMADOU KEITA;MIKE BOROWSKI;SALAH BOURDI;BLANDINE DEJOUY
93_2;CATHERINE BILLARD;PATRICK BRAOUEZEC;MATHIEU HANOTIN;DOMINIQUE CARRE;HOUARI GUERMAT;VIJAY MONANY;ALAIN POLU
93_3;SÉBASTIEN BISCARO;RIVA GHERCHANOC;MICHEL PAJON;SYLVIE DUFFRENE;;BRUNO BESCHIZZA;RENÉE ASSELIN
93_4;LINE ROQUES;MARIE-GEORGE BUFFET;NAJIA AMZAL;ESTELLE VULLIEZ;EDWIN LEGRIS;THIERRY MEIGNEN;GILLES CLAVEL
93_5;ISABELLE COUFFIN-GUERIN;ABDEL SADI;MILOUDA LATRECHE;DJAMILA BEKKAYE;CAROLE BREVIERE;JEAN-CHRISTOPHE LAGARDE;HERMINIA FARDEAU
93_6;NATHALIE ARTHAUD;PATRICK LE HYARIC;ELISABETH GUIGOU;CHRISTINE RATZEL-TOGO;CLAIRE VIGEANT;ILONA ZSOTER;CYRIL BOZONNET
93_7;FRANÇOIS MAILLOUX;JEAN-PIERRE BRARD;RAZZY HAMMADI;ALAIN BOZARIC;DAVID XARDEL;MURIEL BESSIS;ANNIE HABERT
93_8;JIHANE BEN SALAH;BRUNO BELLEGARDE;ELISABETH POCHON;AURELIEN BERTHOU;FRÉDÉRIC LORENZO;PATRICE CALMEJANE;DANIEL BOUSSELAIRE
93_9;JEAN-PAUL BUROT;PASCALE LABBE;CLAUDE BARTOLONE;PIERRE STOEBER;GEORGES AMZEL;DREF MENDACI;ELISABETH COURTIAL
93_10;SÉBASTIEN VILLE;MARIE-JEANNE QUERUEL;DANIEL GOLDBERG;HERVÉ SUAUDEAU;AMÉLIE PINHEIRO;GÉRARD GAUDRON;ATIKA KEDDOUH
93_11;SALAH KELTOUMI;FRANÇOIS ASENSI;DANIEL KPODE;STÉPHANE GATIGNON;FABRICE SCAGNI;MARTINE VALLETON;PIERRE-ANTOINE LEBEAULT
93_12;MOHAMED MECHMACHE;MARTINE LOUAIRE;PASCAL POPELIN;ABDELALI MEZIANE;MONTASSER CHARNI;ERIC RAOULT;GISÈLE METAY
94_1;MORGANE MOALIC;MICHELINE GERVELAS;AKLI MELLOULI;MICHEL GINESTE;PASCALE LUCIANI;HENRI PLAGNOL;ANNE-LAURE MALEYRE
94_2;ANNE KERUEL;DIDIER GUILLAUME;LAURENT CATHALA;CATHERINE CALMET REBÉRIOUX;MADELEINE MASENGU;THIERRY HEBBRECHT;ANNICK LE RUYET
94_3;ANDRÉ YON;JOSEPH ROSSIGNOL;ROGER-GÉRARD SCHWARTZENBERG;BRUNO BOSSARD;SOPHIE DUBOIS;DIDIER GONZALES;DOMINIQUE JOLY
94_4;CHRISTINE MAZURIER;IRÈNE BASLÉ-MIDY;SIMONNE ABRAHAM-THISSE;PATRICK MESLÉ;FERNAND FERRER;JACQUES-ALAIN BÉNISTI;PHILIPPE ORIBES
94_5;SYLVETTE MINNAERT;DOMINIQUE ADENOT;CAROLINE ADOMO;ARNAUD DUSSUD;JESSICA PERNICENI;GILLES CARREZ;JEAN-MARIE ROUGIER
94_6;DIDIER LEVY;NORA SAINT-GAL;DAVID DORNBUSCH;LAURENCE ABEILLE;PIERRE RAMADIER;PATRICK BEAUDOUIN;MARIE-CHRISTINE MADIOT
94_7;BOUCHRA DINI;CHRISTIAN HERVY;JEAN-JACQUES BRIDEY;MARIE LECLERC-BRUANT;PASCAL PROVENT;RICHARD DELL'AGNOLA;JEANNINE VIAUD
94_8;BILA TRAORÉ;FATIMA SÉNÉCHAL-HAMAMI;PATRICIA RICHARD;MARIE-AMÉLIE BERTIN;NICOLE MARTIN;MICHEL HERBILLON;PIERRETTE GRACIEUX
94_9;JOSIANE LE BOITE;EVELYNE RABARDEL;RENÉ ROUQUET;AMINATA NIAKATE;NATHALIE SEROT-PETAT;MONIQUE TARON;PIERRE FOUCHARD
94_10;SERGE ABERDAM;PIERRE GOSNAT;JEAN-LUC LAURENT;MEHDY BELABBAS;SAÏD HASSANI;BRUNO CASTELNAU;MICKAEL EHRMINGER
94_11;ELSA MOALIC;GILLES DELBOS;JEAN-YVES LE BOUILLONNEC;CHRISTIAN METAIRIE;JORGE CARVALHO;CHRISTELLE PRACHE;THÉRÈSE PATRY
95_1;HÉLÈNE HALBIN;ALEXIS ZAKHAREVITCH;TATIANA GRÜNDLER;ALBERT LAPEYRE;MAURICE CHAYET;PHILIPPE HOUILLON;BRIGITTE GILIBERT
95_2;ABDEL-BASETT NEFTIA;ISABELLE DUCHET;JEAN-PIERRE PERNOT;GUILLAUME VUILLETET;;AXEL PONIATOWSKI;DAVID CHEVRIER
95_3;MONIQUE MIGNEAU;ALAIN FEUCHOT;JEAN-NOËL CARPENTIER;ANNE-MARIE CAUËT;;JEAN BARDET;ALEXANDRE SIMONNOT
95_4;MARIE-FRANÇOISE L'HOMMEDET;PATRICE LAVAUD;GÉRARD SEBAOUN;NICOLE GAUVAIN-KERYMEL;JEAN-PHILIPPE PICARD-BACHELERIE;CLAUDE BODIN;CHRISTIAN MALACAIN
95_5;DOMINIQUE MARIETTE;DOMINIQUE LESPARRE;PHILIPPE DOUCET;ANNE GELLÉ;FRÉDÉRIC LEFEBVRE-NARÉ;GEORGES MOTHRON;AURÉLIE THOMAS
95_6;AGNÈS REINMANN;ISABELLE VOLAT;CHRISTINE NERACOULIS;FRANÇOIS DELCOMBRE;NATHALIE ELIMAS;FRANÇOIS SCELLIER;MICHEL SIMONNOT
95_7;GILLES BONHOMME;ANNE LEVAILLANT;CHARLOTTE BRUN;HERVÉ HABABOU;THIERRY BONNEL;JÉRÔME CHARTIER;DENISE AISSI
95_8;NILS LEFEVRE;FRANCIS PARNY;FRANÇOIS PUPPONI;ARMAND ATONGA;BENOIT JIMENEZ;MARIE-FRANCE BLANCHET;MICHEL THOORIS
95_9;DANIÈLE HANRYON;PIERRE BARROS;JEAN-PIERRE BLAZY;SEVINÇ MERT;ISABELLE MARROCCO-HAMELIN;YANICK PATERNOTTE;LYDIE DUBOIS
95_10;ERIC CASSAN;PATRICK DIAZ;DOMINIQUE LEFEBVRE;BERNARD MORIN;OLIVIER SELLIER;AUDREY TAMBORINI;THÉRÉSA ANDRES
971_1;DANIELLE DIAKOK;;ERIC JALTON;HARRY DURIMEL;;SULLY TACITE;COLETTE BOUCHAIN
971_2;CLAUDE FLETCHER;;GABRIELLE LOUIS-CARABIN;LÉOPOLD-EDOUARD DEHER-LESAINT;;LAURENT BERNIER;TEDDY GABREAU
971_3;LITA DAHOMAY;;ARY CHALUS;GÉRARD UNEAU;;JIM LAPIN;ANNE LEGRAS
971_4;JEAN-MARIE NOMERTIN;GUILHEM SALTEL;VICTORIN LUREL;;;MARIE-LUCE PENCHARD;MARC GUILLE
972_1;MARIE-HELLEN MARTHE DITE SURELLY;;LOUIS-JOSEPH MANSCOUR;;JACQUELINE JOUGON;CHANTAL MAIGNAN;CATHERINE GRISET
972_2;ALEX DUFEAL;;BRUNO-NESTOR AZEROT;MARCELLIN NADEAU;MAX ORVILLE;YAN MONPLAISIR;STÉPHANIE DE GONNEVILLE
972_3;GHISLAINE JOACHIM-ARNAUD;;SERGE LETCHIMY;;THIERRY LÉSEL;MIGUEL LAVENTURE;LINA GEORGET
972_4;GABRIEL JEAN;;JEAN-PHILIPPE NILOR;;JEAN-FRANÇOIS BEAUNOL;ANDRÉ LESUEUR;CATHERINE BESSON
973_1;;MONIQUE GUARD;GABRIEL SERVILLE;MICHEL DUBOUILLE;GAMAL HOOSEINBUX;;
973_2;;;CHANTAL BERTHELOT;JOSÉ GAILLOU;;LÉON BERTRAND;
974_1;CORINNE BAÏKIOM;DARMAPALAH SEETHANEN;ERICKA BAREIGTS;JEAN-PIERRE MARCHAU;NASSIMAH DINDAR;RENÉ-PAUL VICTORIA;GLADYS RIVIERE
974_2;MICKAËL HOAREAU;PATRICK LOISEAU;HUGUETTE BELLO;NILA MINATCHY;NELLY BUCHLE;SANDRA SINIMALE;ELIE TAIEB
974_3;;PASCAL BASSE;JEAN-JACQUES VLODY;JEAN-ALAIN CADET;;ANDRÉ THIEN AH KOON;CORINNE SUZANNE
974_4;SERGE LATCHOUMANIN;JEAN LE PORCHOU;PATRICK LEBRETON;BERTRAND GRONDIN;;BÉATRICE SIGISMEAU;MARIE-LUCE CLAIN
974_5;JEAN-YVES PAYET;;JEAN-CLAUDE FRUTEAU;GUYLÈNE CLAIN;FARIDA TANDRAYEN;STÉPHANE FOUASSIN;JOSEPH DAMOUR
974_6;DIDIER LOMBARD;PASCAL HOAREAU;MONIQUE ORPHE;YVETTE DUCHEMANN;EMMANUEL LEMAGNEN;JEAN-LOUIS LAGOURGUE;JOSEPH GRONDIN
974_7;DENIS SIMONIN;JEAN-HUGUES SAVIGNY;FABRICE HOARAU;DANON-LUTCHMEE ODOYEN;THIERRY ROBERT;JEAN-CLAUDE LACOUTURE;JEAN-CLAUDE OTTO-BRUC
985_1;;;SAÏD OMAR OILI;;ABDOULATIFOU ALY;MOHAMADI SOUMAILA;LUCINDA CARVALHO
985_2;;;IBRAHIM ABOUBACAR;KAMALDINE ATTOUMANI;;MANSOUR KAMARDINE;OMAR ABDALLAH
988_1;;RICHARD SIO;MICHEL JORDA;;;GAËL YANNO;PIERRE AUBE
988_2;;;JEAN-PIERRE DJAIWE;;;PHILIPPE GOMES;BIANCA HENIN
987_1;;GUSTAVE HEITAA;LOUIS FREBAULT;KARL REGURON;NICOLE BOUTEAU;EDOUARD FRITCH;
987_2;;;;JAROS OTCENASEK;;JONAS TAHUAITU;
987_3;;;TAUHITI NENA;ANGÈLE TERIITAU;;JEAN-PAUL TUAIVA;ERIC MINARDI
975_1;;;ANNICK GIRARDIN;;;BERNARD LE SOAVEC;ROGER RODE
986_1;;;MIKAELE KULIMOETOKE;;ANTONIO ILALIO;DAVID VERGÉ;
979_1;;;GUILLAUME ARNELL;;;DANIEL GIBBES;NICOLE THIEBAULT
99_1;;CÉLINE CLEMENT;CORINNE NARASSIGUIN;;CAROLE GRANADE;FRÉDÉRIC LEFEBVRE;CLAIRE SAVREUX
99_2;;RAQUEL GARRIDO;SERGIO CORONADO;;;PASCAL DROUHAUD;ALAIN-GÉRARD GEORGI-SAMARAN
99_3;;LUCILE JAMET;AXELLE LEMAIRE;OLIVIER BERTIN;OLIVIER CADIC;EMMANUELLE SAVARIT;GUY LE GUEZENNEC
99_4;;CHARLOTTE BALAVOINE;PHILIP CORDERY;PERRINE LEDAN;TANGUY LE BRETON;MARIE-ANNE MONTCHAMP;SOPHIE DUVAL
99_5;;JULIETTE ESTIVILL;ARNAUD LEROY;CAROLINE PUNSET;CHARLES-PHILIPPE D'ORLÉANS;LAURENCE SAILLIET;ALAIN LAVARDE
99_6;;MAGALI ORSINI;NICOLE CASTIONI;XIMENA KAISER MORRIS;BERNARD GARCIA;CLAUDINE SCHMID;CHRISTIANE FLOQUET
99_7;;ERIC BOURGUIGNON;PIERRE-YVES LE BORGN;BRUNO PLUDERMACHER;XAVIER FOURNY;RONAN LE GLEUT;AGNÈS DEJOUY
99_8;;MICHÈLE PARRAVICINI;DAPHNA POZNANSKI-BENHAMOU;PIERRE JESTIN;;VALÉRIE HOFFENBERG;HUGUETTE LEVY
99_9;;LAETITIA SUCHECKI;POURIA AMIRSHAHI;ZINE-EDDINE M'JATI;SIHAME ARBIB;KHADIJA DOUKALI;ALEXANDRA PIEL
99_10;;AXELLE BRÉMONT;JEAN-DANIEL CHAOUI;LUCIEN BRUNEAU;ADELINE KARGUE;ALAIN MARSAUD;FRANCIS MAGINOT
99_11;;CLAUDE BALLOUHEY;MARC VILLARD;JANNICK MAGNE;FRANCIS NIZET;THIERRY MARIANI;AUDE BOUVÉRON
