circo;Couleur;Nom;Round;%_Voix/Ins_2nd_tour;%_Voix/Ins_1er_tour
1_1;EM;Laurent MALLET;2nd tour;19.52;15.08
1_2;EM;Marie Jeanne BEGUET;2nd tour;29.92;17.34
1_3;EM;Olga GIVERNET;2nd tour;20.43;16.45
1_4;EM;Stéphane TROMPILLE;2nd tour;18.75;16.61
1_5;EM;Hélène DE MEIRE;2nd tour;28.39;13.5
2_1;EM;Aude BONO-VANDORME;2nd tour;26.45;12.42
2_2;LR;Julien DIVE;2nd tour;26.5;15.91
2_3;LR;Laurent MARLOT;2nd tour;24.84;11.31
2_4;EM;Marc DELATTE;2nd tour;23.62;12.93
2_5;EM;Jacques KRABAL;2nd tour;20.83;13.52
3_1;EM;Pauline RIVIERE;2nd tour;27.79;15.34
3_2;EM;Laurence VANCEUNEBROCK-MIALON;2nd tour;22.88;14.62
3_3;EM;Bénédicte PEYROL;2nd tour;30.41;17.13
4_1;EM;Delphine BAGARRY;2nd tour;22.83;15.15
4_2;EM;Christophe CASTANER;2nd tour;21.97;15.55
5_1;EM;Pascale BOYER;2nd tour;20.1;15.14
5_2;EM;Joël GIRAUD;2nd tour;18.77;16.48
6_1;EM;Caroline REVERSO-MEINIETTI;2nd tour;18.63;13.96
6_2;EM;Loîc DOMBREVAL;2nd tour;20.52;14.27
6_3;EM;Cédric ROUSSEL;2nd tour;22.72;13.3
6_4;FN;Olivier BETTATI;2nd tour;18.49;17.87
6_5;LR;Marine BRENIER;2nd tour;29.37;19.51
6_6;LR;Laurence TRASTOUR-ISNART;2nd tour;18.47;17.43
6_7;EM;Khaled BEN ABDERRAHMANE;2nd tour;18.66;16.88
6_8;LR;Bernard BROCHAND;2nd tour;19.24;18.42
6_9;LR;Michèle TABAROT;2nd tour;18.07;17.11
7_1;EM;André DUPONT;2nd tour;24.81;14.14
7_2;EM;Laurette GOUYET-POMMARET;2nd tour;31.27;15.41
7_3;EM;Matthieu PEYRAUD;2nd tour;23.03;14.03
8_1;EM;Jean-Pierre MORALI;2nd tour;25.53;14.03
8_2;EM;Mario IGLESIAS;2nd tour;25.89;11.49
8_3;LR;Jean-Luc WARSMANN;2nd tour;27.78;13.36
9_1;EM;Jérôme AZEMA;2nd tour;22.72;14.56
9_2;EM;Huguette BERTRAND-VINZERICH;2nd tour;21.45;13.87
10_1;FN;Bruno SUBTIL;2nd tour;18.81;18.81
10_2;EM;Djamila HADDAD;2nd tour;17.79;14.11
10_3;EM;Pascal LANDRÉAT;2nd tour;17.54;13.56
11_1;EM;Danièle HÉRIN;2nd tour;29.2;13.7
11_2;EM;Alain PEREA;2nd tour;27.56;12.71
11_3;EM;Mireille ROBERT;2nd tour;30.78;14.1
12_1;EM;Stéphane MAZARS;2nd tour;22.97;18.5
12_2;EM;Anne BLANC;2nd tour;26.64;17.53
12_3;EM;Jean-Louis AUSTRUY;2nd tour;25.94;18.24
13_1;EM;Pascal CHAMASSIAN;2nd tour;16.67;12.77
13_2;LR;Dominique TIAN;2nd tour;23.41;18.43
13_3;LFI;Sarah SOILIHI;2nd tour;26.89;12.24
13_4;LFI;Jean-Luc MÉLENCHON;2nd tour;24.23;18.08
13_5;EM;Cathy RACON-BOUZON;2nd tour;23.57;16.38
13_6;EM;Eléonore LEPRETTRE;2nd tour;27.55;14.95
13_7;LFI;Ouali BRINIS;2nd tour;27.86;14.79
13_8;FN;Antoine BAUDINO;2nd tour;17.13;16.46
13_9;EM;Sylvie BRUNET;2nd tour;28.88;12.7
13_10;EM;François-Michel LAMBERT;2nd tour;22.66;13.47
13_11;EM;Mohamed LAQHILA;2nd tour;18.78;16.71
13_12;LR;Eric DIARD;2nd tour;25.47;11.19
13_13;FN;Emmanuel FOUQUART;2nd tour;20.74;17.05
13_14;EM;Anne-Laurence PETEL;2nd tour;20.99;16.74
13_15;FN;Jean-Alexandre MOUSSET-SEISSON;2nd tour;17.91;17.22
13_16;LFI;Gérard GERON;2nd tour;27.27;12.35
14_1;EM;Fabrice LE VIGOUREUX;2nd tour;23.72;19.72
14_2;EM;Eric HALPHEN;2nd tour;25.92;17.23
14_3;EM;Florence LEHERICY;2nd tour;18.55;14.1
14_4;LR;Nicole AMELINE;2nd tour;22.0;15.87
14_5;EM;Bertrand BOUYX;2nd tour;21.71;19.35
14_6;EM;Alain TOURRET;2nd tour;26.09;18.5
15_1;EM;François DANEMANS;2nd tour;22.32;20.23
15_2;LR;Jean-Yves BONY;2nd tour;20.83;15.29
16_1;EM;Thomas MESNIER;2nd tour;21.66;16.77
16_2;EM;Sandra MARSAUD;2nd tour;20.38;15.55
16_3;EM;Madeleine NGOMBET BITOO;2nd tour;25.74;15.46
17_1;EM;Otilia FERREIRA;2nd tour;28.45;20.55
17_2;EM;Fréderique TUFFNELL;2nd tour;25.13;18.07
17_3;EM;Jean-Philippe ARDOUIN;2nd tour;19.9;14.9
17_4;EM;Raphaël GÉRARD;2nd tour;18.56;14.46
17_5;PS;Mickael VALLET;2nd tour;20.99;13.45
18_1;EM;François CORMIER-BOULIGEON;2nd tour;31.79;15.04
18_2;EM;Nadia ESSAYAN;2nd tour;25.7;13.81
18_3;EM;Loïc KERVRAN;2nd tour;29.02;13.98
19_1;EM;Christophe JERRETIE;2nd tour;26.19;17.21
19_2;EM;Patricia BORDAS;2nd tour;22.0;17.5
2A_1;EM;Maria GUIDICELLI;2nd tour;12.93;12.46
2A_2;LR;Camille DE ROCCA SERRA;2nd tour;12.22;12.22
2B_1;EM;François ORLANDI;2nd tour;21.62;11.98
2B_2;EM;Francis GIUDICI;2nd tour;21.3;12.21
21_1;EM;Didier MARTIN;2nd tour;23.96;19.14
21_2;EM;François DESEILLE;2nd tour;20.69;16.3
21_3;EM;Fadila KHATTABI;2nd tour;32.59;15.83
21_4;EM;Yolaine DE COURSON;2nd tour;28.14;15.57
21_5;EM;Didier PARIS;2nd tour;18.91;14.84
22_1;EM;Bruno JONCOUR;2nd tour;26.04;20.19
22_2;EM;Hervé BERVILLE;2nd tour;24.74;18.88
22_3;EM;Olivier ALLAIN;2nd tour;23.41;21.02
22_4;EM;Yannick KERLOGOT;2nd tour;27.25;17.71
22_5;EM;Eric BOTHOREL;2nd tour;23.05;19.09
23_1;EM;Jean-Baptiste MOREAU;2nd tour;19.29;14.67
24_1;EM;Philippe CHASSAING;2nd tour;24.32;15.11
24_2;EM;Michel DELPON;2nd tour;28.65;16.25
24_3;EM;Jean-Pierre CUBERTAFON;2nd tour;30.82;14.87
24_4;EM;Jacqueline DUBOIS;2nd tour;21.12;15.99
25_1;EM;Fannette CHARVIER;2nd tour;25.2;16.14
25_2;LR;Ludovic FAGAUT;2nd tour;22.77;18.92
25_3;EM;Denis SOMMER;2nd tour;28.25;13.41
25_4;EM;Frédéric BARBIER;2nd tour;24.82;13.85
25_5;EM;Sylvie LE HIR;2nd tour;18.69;16.87
26_1;EM;Mireille CLAPOT;2nd tour;20.3;15.81
26_2;EM;Alice THOUROT;2nd tour;22.71;13.66
26_3;EM;Célia DE LAVERGNE;2nd tour;32.23;15.09
26_4;EM;Latifa CHAY;2nd tour;19.04;14.44
27_1;EM;Bruno LE MAIRE;2nd tour;27.02;14.96
27_2;EM;Fabien GOUTTEFARDE;2nd tour;26.79;15.69
27_3;EM;Marie TAMARELLE-VERHAEGUE;2nd tour;23.08;13.45
27_4;EM;Bruno QUESTEL;2nd tour;24.59;13.73
27_5;EM;Claire O'PETIT;2nd tour;28.5;13.45
28_1;EM;Guillaume KASBARIAN;2nd tour;21.09;16.9
28_2;EM;Claire Tassadit HOUD;2nd tour;28.61;13.18
28_3;LR;Laure DE LA RAUDIERE;2nd tour;22.51;20.2
28_4;EM;Fabien VERDIER;2nd tour;20.89;15.01
29_1;EM;Annaïg LE MEUR;2nd tour;25.99;21.74
29_2;EM;Jean-Charles LARSONNEUR;2nd tour;25.06;18.61
29_3;EM;Didier LE GAC;2nd tour;29.6;22.02
29_4;EM;Sandrine LE FEUR;2nd tour;25.85;19.69
29_5;EM;Graziella MELCHIOR;2nd tour;41.29;29.22
29_6;EM;Richard FERRAND;2nd tour;28.49;21.2
29_7;EM;Liliane TANGUY;2nd tour;30.04;19.56
29_8;EM;Erwan BALANANT;2nd tour;23.78;18.16
30_1;EM;Françoise DUMAS;2nd tour;21.06;13.93
30_2;FN;Gilbert COLLARD;2nd tour;23.29;18.7
30_3;EM;Anthony CELLIER;2nd tour;27.44;15.09
30_4;EM;Annie CHAPELIER;2nd tour;28.06;12.4
30_5;EM;Olivier GAILLARD;2nd tour;20.11;12.75
30_6;EM;Philippe BERTA;2nd tour;27.41;14.95
31_1;EM;Pierre CABARE;2nd tour;27.45;18.09
31_2;EM;Jean-Luc LAGLEIZE;2nd tour;27.08;17.76
31_3;EM;Corinne VIGNON;2nd tour;24.98;19.6
31_4;EM;Mickaël NOGAL;2nd tour;25.21;16.29
31_5;EM;Jean-François PORTARRIEU;2nd tour;27.83;16.4
31_6;EM;Monique IBORRA;2nd tour;28.37;19.19
31_7;EM;Elisabeth TOUTUT-PICARD;2nd tour;32.3;15.61
31_8;EM;Michel MONTSARRAT;2nd tour;25.03;14.14
31_9;EM;Sandrine MÖRCH;2nd tour;25.07;16.32
31_10;EM;Sébastien NADOT;2nd tour;30.35;20.05
32_1;EM;Jean-René CAZENEUVE;2nd tour;28.61;16.69
32_2;EM;Christopher SOCCIO;2nd tour;20.71;15.97
33_1;EM;Dominique DAVID;2nd tour;25.2;20.06
33_2;EM;Catherine FABRE;2nd tour;26.43;20.16
33_3;EM;Marik FETOUH;2nd tour;25.37;17.48
33_4;EM;Aziz S'KALLI-BOUAZIZA;2nd tour;18.27;15.1
33_5;EM;Benoit SIMIAN;2nd tour;31.04;15.38
33_6;EM;Eric POULLIAT;2nd tour;23.56;19.84
33_7;EM;Bérangère COUILLARD;2nd tour;29.22;20.0
33_8;EM;Sophie PANONACLE;2nd tour;20.66;16.68
33_9;EM;Sophie METTE;2nd tour;32.94;16.15
33_10;EM;Florent BOUDIÉ;2nd tour;31.6;14.86
33_11;EM;Véronique HAMMERER;2nd tour;27.14;12.82
33_12;EM;Christelle DUBOS;2nd tour;24.69;15.83
34_1;EM;Patricia MIRALLÈS;2nd tour;19.01;16.76
34_2;EM;Stéphanie JANNIN;2nd tour;23.29;15.1
34_3;EM;Coralie DUBOST;2nd tour;22.11;17.28
34_4;EM;Jean-François ELIAOU;2nd tour;31.11;14.44
34_5;EM;Philippe HUPPÉ;2nd tour;28.36;12.27
34_6;LR;Elie ABOUD;2nd tour;26.81;12.58
34_7;EM;Christophe EUZET;2nd tour;26.34;11.94
34_8;EM;Nicolas DÉMOULIN;2nd tour;29.93;13.92
34_9;EM;Patrick VIGNAL;2nd tour;28.92;16.09
35_1;EM;Mostapha LAABID;2nd tour;25.87;21.54
35_2;EM;Laurence MAILLART-MÉHAIGNERIE;2nd tour;30.08;23.55
35_3;PS;François ANDRÉ;2nd tour;29.5;19.41
35_4;EM;Gaël LE BOHEC;2nd tour;27.73;18.38
35_5;EM;Christine CLOAREC;2nd tour;25.9;20.24
35_6;EM;Nolwenn VAHÉ;2nd tour;28.13;20.33
35_7;EM;Valérie FRIBOLLE;2nd tour;23.61;20.55
35_8;EM;Florian BACHELIER;2nd tour;32.08;21.78
36_1;PS;Jean-Paul CHANTEGUET;2nd tour;22.07;13.56
36_2;EM;Sophie GUERIN;2nd tour;18.56;13.93
37_1;EM;Philippe CHALUMEAU;2nd tour;22.46;17.17
37_2;EM;Daniel LABARONNE;2nd tour;21.52;16.45
37_3;PS;Marisol TOURAINE;2nd tour;24.86;15.93
37_4;EM;Fabienne COLBOC;2nd tour;20.7;16.14
37_5;EM;Sabine THILLAYE;2nd tour;20.33;18.28
38_1;EM;Olivier VERAN;2nd tour;25.52;23.28
38_2;EM;Jean-Charles COLAS-ROY;2nd tour;23.89;15.93
38_3;EM;Emilie CHALAS;2nd tour;23.96;16.18
38_4;EM;Fabrice HUGELÉ;2nd tour;21.23;16.51
38_5;EM;Catherine KAMOWSKI;2nd tour;34.1;17.3
38_6;EM;Cendra MOTIN;2nd tour;17.62;13.66
38_7;EM;Monique LIMON;2nd tour;28.21;15.37
38_8;EM;Caroline ABADIE;2nd tour;30.52;15.08
38_9;EM;Elodie JACQUIER-LAFORGE;2nd tour;25.51;18.01
38_10;EM;Marjolaine MEYNIER-MILLEFERT;2nd tour;28.59;13.96
39_1;EM;Danielle BRULEBOIS;2nd tour;31.43;15.0
39_2;EM;Anne PROST-GROSJEAN;2nd tour;29.87;15.86
39_3;EM;Paul-Henri BARD;2nd tour;20.98;15.64
40_1;EM;Geneviève DARRIEUSSECQ;2nd tour;21.17;16.16
40_2;EM;Lionel CAUSSE;2nd tour;22.12;17.12
40_3;EM;Jean-Pierre STEINER;2nd tour;28.68;16.47
41_1;EM;Marc FESNEAU;2nd tour;20.01;15.63
41_2;EM;Jean-Luc BRAULT;2nd tour;17.76;13.82
41_3;EM;Marlène MARTIN;2nd tour;22.59;15.9
42_1;EM;Magalie VIALLON;2nd tour;26.12;15.21
42_2;EM;Jean-Michel MIS;2nd tour;23.74;17.23
42_3;EM;Valéria FAURE-MUNTIAN;2nd tour;24.28;14.85
42_4;EM;David KAUFFER;2nd tour;27.79;15.85
42_5;EM;Nathalie SARLES;2nd tour;19.74;15.32
42_6;EM;Julien BOROWCZYK;2nd tour;30.02;16.83
43_1;EM;Cécile GALLIEN;2nd tour;31.07;15.47
43_2;EM;Pierre ETEOCLE;2nd tour;19.93;15.8
44_1;EM;François DE RUGY;2nd tour;25.54;24.15
44_2;EM;Valérie OPPELT;2nd tour;31.52;20.79
44_3;EM;Anne-France BRUNET;2nd tour;28.25;19.13
44_4;EM;Aude AMADOU;2nd tour;24.18;20.09
44_5;EM;Sarah EL HAÏRY;2nd tour;25.7;21.72
44_6;EM;Yves DANIEL;2nd tour;26.07;16.98
44_7;EM;Sandrine JOSSO;2nd tour;22.87;18.47
44_8;EM;Audrey DUFEU SCHUBERT;2nd tour;25.83;17.51
44_9;EM;Yannick HAURY;2nd tour;21.43;19.15
44_10;EM;Sophie ERRANTE;2nd tour;25.64;22.84
45_1;EM;Stéphanie RIST;2nd tour;23.76;19.11
45_2;EM;Caroline JANVIER;2nd tour;20.21;18.13
45_3;EM;Jihan CHELLY;2nd tour;18.1;16.14
45_4;FN;Ludovic MARCHETTI;2nd tour;17.08;16.29
45_5;EM;David SIMONNET;2nd tour;18.02;13.9
45_6;EM;Richard RAMOS;2nd tour;27.91;17.52
46_1;EM;Sébastien MAUREL;2nd tour;26.18;19.3
46_2;EM;Huguette TIEGNA;2nd tour;23.91;18.43
47_1;EM;Michel LAUZZANA;2nd tour;24.63;14.76
47_2;EM;Alexandre FRESCHI;2nd tour;28.8;13.52
47_3;EM;Olivier DAMAISIN;2nd tour;29.45;13.9
48_1;LR;Pierre MOREL A L'HUISSIER;2nd tour;19.97;14.28
49_1;EM;Matthieu ORPHELIN;2nd tour;23.89;18.92
49_2;EM;Stella DUPONT;2nd tour;24.38;19.04
49_3;EM;Anne BARRAULT;2nd tour;18.12;16.06
49_4;EM;Laëtitia SAINT-PAUL;2nd tour;25.45;16.24
49_5;EM;Denis MASSEGLIA;2nd tour;38.01;28.99
49_6;EM;Nicole DUBRE-CHIRAT;2nd tour;23.09;18.59
49_7;EM;Philippe BOLO;2nd tour;23.44;18.74
50_1;EM;Benoîte NOUET;2nd tour;21.69;16.9
50_2;EM;Bertrand SORRE;2nd tour;20.29;18.4
50_3;EM;Stéphane TRAVERT;2nd tour;31.06;18.03
50_4;EM;Blaise MISTLER;2nd tour;22.1;16.97
51_1;PS;Alexandre TUNC;2nd tour;21.51;14.37
51_2;EM;Aina KURIC;2nd tour;20.07;15.66
51_3;FN;Baptiste PHILIPPO;2nd tour;16.65;15.89
51_4;PS;Rudy NAMUR;2nd tour;20.04;12.76
51_5;FN;Thomas LAVAL;2nd tour;21.7;19.75
52_1;EM;Bérangère ABBA;2nd tour;17.57;13.62
52_2;LR;François CORNUT-GENTILLE;2nd tour;25.62;13.27
53_1;EM;Béatrice MOTTIER;2nd tour;23.21;18.78
53_2;LR;Guillaume CHEVROLLIER;2nd tour;23.08;17.74
53_3;EM;Josselin CHOUZY;2nd tour;25.5;18.81
54_1;EM;Carole GRANDJEAN;2nd tour;20.67;17.18
54_2;EM;Laurent GARCIA;2nd tour;23.6;18.6
54_3;EM;Xavier PALUSZKIEWICZ;2nd tour;26.76;12.4
54_4;EM;Philippe BUZZI;2nd tour;27.04;14.39
54_5;EM;Marion BUCHET;2nd tour;28.26;13.47
54_6;PS;Julien VAILLANT;2nd tour;22.35;12.64
55_1;EM;Diana ANDRÉ;2nd tour;22.17;13.13
55_2;FN;Eric VILAIN;2nd tour;17.34;17.34
56_1;EM;Hervé PELLOIS;2nd tour;25.97;23.31
56_2;PS;Stéphanie LE SQUER;2nd tour;26.49;17.65
56_3;EM;Nicole LE PEIH;2nd tour;36.29;18.43
56_4;EM;Paul MOLAC;2nd tour;33.82;19.17
56_5;EM;Gwendal ROUILLARD;2nd tour;28.99;20.95
56_6;EM;Jean-Michel JACQUES;2nd tour;27.02;20.09
57_1;EM;Belkhir BELHADDAD;2nd tour;19.22;14.34
57_2;EM;Ludovic MENDES;2nd tour;20.29;15.49
57_3;EM;Richard LIOGER;2nd tour;20.73;15.73
57_4;LR;Fabien DI FILIPPO;2nd tour;28.4;13.35
57_5;EM;Nicole GRIES-TRISSE;2nd tour;25.46;12.25
57_6;LR;Pierre LANG;2nd tour;23.58;10.48
57_7;EM;Hélène ZANNIER;2nd tour;20.99;11.89
57_8;EM;Brahim HAMMOUCHE;2nd tour;25.46;11.84
57_9;EM;Isabelle RAUCH;2nd tour;30.89;15.75
58_1;EM;Perrine GOULET;2nd tour;24.3;14.45
58_2;EM;Patrice PERROT;2nd tour;30.19;14.66
59_1;LFI;Adrien QUATENNENS;2nd tour;20.52;13.47
59_2;EM;Houmria BERRADA;2nd tour;23.49;15.08
59_3;FN;Sylvie GODDYN;2nd tour;19.47;18.61
59_4;EM;Brigitte LISO;2nd tour;21.83;17.43
59_5;EM;Guillaume DEKONINCK;2nd tour;30.22;14.62
59_6;EM;Charlotte LECOCQ;2nd tour;20.87;18.67
59_7;EM;Arnaud VERSPIEREN;2nd tour;18.56;15.09
59_8;LFI;Paul ZILMIA;2nd tour;28.6;13.38
59_9;EM;Valérie PETIT;2nd tour;20.19;18.17
59_10;EM;Sophie TAÏEB;2nd tour;26.45;12.22
59_11;EM;Laurent PIETRASZEWSKI;2nd tour;30.14;14.14
59_12;EM;Anne Laure CATTELOT;2nd tour;23.04;12.0
59_13;LFI;Elio BERTE-LANGEREAU;2nd tour;24.51;12.78
59_14;FN;Jean-Paul TISSERAND;2nd tour;18.12;18.12
59_15;EM;Jennifer DE TEMMERMAN;2nd tour;29.78;13.54
59_16;FN;Hortense DE MEREUIL;2nd tour;21.96;18.97
59_17;EM;Dimitri HOUBRON;2nd tour;26.39;11.54
59_18;FN;Mélanie DISDIER;2nd tour;20.57;18.73
59_19;LFI;Julien POIX;2nd tour;25.05;11.33
59_20;LFI;David RICHER;2nd tour;21.89;11.42
59_21;PS;Christine LAURENT;2nd tour;24.88;11.67
60_1;EM;Denis FLOUR;2nd tour;25.0;13.97
60_2;EM;Agnès THILL;2nd tour;25.11;13.74
60_3;EM;Pascal BOIS;2nd tour;26.75;12.24
60_4;EM;Stéphanie LOZANO;2nd tour;18.66;16.76
60_5;EM;Emmanuelle BOUR;2nd tour;28.4;13.8
60_6;EM;Carole BUREAU-BONNARD;2nd tour;26.72;14.9
60_7;EM;Jean-François DARDENNE;2nd tour;26.51;12.8
61_1;PS;Joaquim PUEYO;2nd tour;22.23;14.91
61_2;EM;Ophélie LEROUGE;2nd tour;17.95;13.75
61_3;EM;Isabelle BOSCHER;2nd tour;19.4;17.25
62_1;FN;Agnès CAUDRON;2nd tour;20.69;19.9
62_2;EM;Jacqueline MAQUET;2nd tour;26.24;15.96
62_3;LFI;Djordje KUZMANOVIC;2nd tour;24.36;11.35
62_4;EM;Thibaut GUILLUY;2nd tour;20.22;15.64
62_5;EM;Jean-Pierre PONT;2nd tour;28.7;13.44
62_6;EM;Brigitte BOURGUIGNON;2nd tour;26.63;14.58
62_7;EM;Dominique PIEDFORT;2nd tour;24.22;11.01
62_8;EM;Benoit POTTERIE;2nd tour;22.08;13.01
62_9;EM;Marguerite DEPREZ-AUDEBERT;2nd tour;26.21;14.57
62_10;LFI;Gauthier JANKOWSKI;2nd tour;23.77;10.09
62_11;LFI;Jean-Pierre CARPENTIER;2nd tour;23.89;10.85
62_12;FN;Bruno BILDE;2nd tour;25.28;21.48
63_1;EM;Valérie THOMAS;2nd tour;25.65;17.49
63_2;EM;Mohand HAMOUMOU;2nd tour;24.27;16.48
63_3;EM;Laurence VICHNIEVSKY;2nd tour;30.18;21.3
63_4;EM;Michel FANGET;2nd tour;26.21;17.55
63_5;EM;Sébastien GARDETTE;2nd tour;30.86;15.37
64_1;EM;Josy POUEYTO;2nd tour;27.05;18.66
64_2;EM;Jean-Paul MATTEI;2nd tour;28.01;19.06
64_3;EM;Michel BERNOS;2nd tour;21.88;16.58
64_4;EM;Loïc CORRÉGÉ;2nd tour;23.25;14.94
64_5;EM;Florence LASSERRE-DAVID;2nd tour;22.48;17.22
64_6;EM;Vincent BRU;2nd tour;21.56;16.75
65_1;EM;Jean-Bernard SEMPASTOUS;2nd tour;33.85;22.68
65_2;EM;Marie-Agnès STARICKY;2nd tour;24.41;17.93
66_1;EM;Romain GRAU;2nd tour;26.21;14.22
66_2;EM;Christine ESPERT;2nd tour;26.03;11.77
66_3;EM;Laurence GAYTE;2nd tour;27.87;12.47
66_4;EM;Sébastien CAZENOVE;2nd tour;27.79;12.68
67_1;EM;Thierry MICHELS;2nd tour;24.49;18.65
67_2;EM;Sylvain WASERMAN;2nd tour;20.46;16.92
67_3;EM;Bruno STUDER;2nd tour;20.89;16.18
67_4;LR;Sophie ROHFRITSCH;2nd tour;20.85;14.22
67_5;LR;Antoine HERTH;2nd tour;22.16;18.87
67_6;EM;Guy SALOMON;2nd tour;18.26;14.5
67_7;FN;Virginie JORON;2nd tour;18.92;17.89
67_8;FN;Gérard JANUS;2nd tour;19.25;18.21
67_9;EM;Vincent THIEBAUT;2nd tour;18.02;14.26
68_1;EM;Stéphanie VILLEMIN;2nd tour;27.67;15.82
68_2;EM;Hubert OTT;2nd tour;17.32;15.49
68_3;LR;Jean-Luc REITZER;2nd tour;16.65;15.1
68_4;EM;Aurélie TACQUARD;2nd tour;25.62;13.56
68_5;EM;Cécile LEHR;2nd tour;30.69;22.75
68_6;EM;Bruno FUCHS;2nd tour;20.96;12.8
69_1;UDI;Isabelle VIGNON;2nd tour;25.77;13.41
69_2;EM;Hubert JULIEN-LAFERRIERE;2nd tour;32.32;22.25
69_3;EM;Jean-Louis TOURAINE;2nd tour;30.79;22.29
69_4;EM;Anne BRUGNERA;2nd tour;25.57;23.11
69_5;EM;Blandine BROCARD;2nd tour;22.54;20.62
69_6;EM;Bruno BONNELL;2nd tour;25.21;16.64
69_7;EM;Anissa KHEDHER;2nd tour;21.93;14.02
69_8;LR;Patrice VERCHÈRE;2nd tour;20.9;14.69
69_9;EM;Marion CROIZEAU;2nd tour;18.82;16.85
69_10;EM;Thomas GASSILLOUD;2nd tour;21.74;19.82
69_11;EM;Jean-Luc FUGIT;2nd tour;20.62;16.0
69_12;EM;Cyrille ISAAC-SIBILLE;2nd tour;23.17;18.72
69_13;EM;Danièle CAZARIAN;2nd tour;20.03;15.63
69_14;LFI;Benjamin NIVARD;2nd tour;17.81;13.96
70_1;EM;Barbara BESSOT BALLOT;2nd tour;17.76;13.83
70_2;EM;Christophe LEJEUNE;2nd tour;25.15;13.97
71_1;EM;Benjamin DIRX;2nd tour;20.27;16.0
71_2;EM;Vincent CHAUVET;2nd tour;25.47;16.37
71_3;EM;Rémy REBEYROTTE;2nd tour;30.15;14.76
71_4;EM;Catherine GABRELLE;2nd tour;28.28;13.47
71_5;EM;Raphaël GAUVAIN;2nd tour;29.9;14.49
72_1;LR;Christelle MORANÇAIS;2nd tour;21.1;15.77
72_2;EM;Aurélie PEROT;2nd tour;24.89;14.66
72_3;EM;Pascale FONTENEL-PERSONNE;2nd tour;18.27;13.51
72_4;LR;Emmanuel FRANCO;2nd tour;28.91;23.4
72_5;LR;Jean-Carles GRELIER;2nd tour;23.3;17.15
73_1;EM;Typhanie DEGOIS;2nd tour;21.3;16.09
73_2;LR;Vincent ROLLAND;2nd tour;22.88;19.4
73_3;EM;Philip VIVIER;2nd tour;29.32;16.92
73_4;EM;Patrick MIGNOLA;2nd tour;26.28;18.28
74_1;EM;Véronique RIOTTON;2nd tour;22.18;18.14
74_2;EM;Frédérique LARDET;2nd tour;22.0;17.78
74_3;EM;Guillaume GIBOUIN;2nd tour;19.48;16.51
74_4;LR;Virginie DUBY-MULLER;2nd tour;19.08;13.85
74_5;LR;Patricia MAHUT;2nd tour;19.19;13.51
74_6;LR;Sophie DION;2nd tour;19.94;14.11
75_1;EM;Sylvain MAILLARD;2nd tour;32.43;26.98
75_2;EM;Gilles LE GENDRE;2nd tour;31.48;26.24
75_3;EM;Stanislas GUERINI;2nd tour;28.84;24.26
75_4;LR;Brigitte KUSTER;2nd tour;32.67;30.77
75_5;EM;Benjamin GRIVEAUX;2nd tour;36.87;26.02
75_6;EM;Pierre PERSON;2nd tour;28.27;25.81
75_7;EM;Pacôme RUPIN;2nd tour;34.03;26.7
75_8;EM;Laetitia AVIA;2nd tour;29.92;23.23
75_9;EM;Buon TAN;2nd tour;32.67;22.44
75_10;EM;Anne-Christine LANG;2nd tour;33.24;22.63
75_11;EM;Marielle DE SARNEZ;2nd tour;33.36;26.48
75_12;EM;Olivia GREGOIRE;2nd tour;30.27;25.37
75_13;EM;Hugues RENSON;2nd tour;29.79;24.33
75_14;LR;Claude GOASGUEN;2nd tour;34.1;32.14
75_15;PS;George PAU-LANGEVIN;2nd tour;23.56;21.58
75_16;EM;Mounir MAHJOUBI;2nd tour;29.03;19.49
75_17;EM;Béatrice FAILLÉS;2nd tour;26.47;17.8
75_18;PS;Myriam EL KHOMRI;2nd tour;35.69;24.5
76_1;EM;Damien ADAM;2nd tour;27.81;17.93
76_2;EM;Annie VIDAL;2nd tour;21.43;17.2
76_3;EM;Cyrille GRENOT;2nd tour;25.15;13.65
76_4;EM;Sira SYLLA;2nd tour;28.92;13.38
76_5;PS;Christophe BOUILLON;2nd tour;22.54;14.02
76_6;EM;Philippe DUFOUR;2nd tour;18.23;12.72
76_7;PS;Matthieu BRASSE;2nd tour;24.98;14.86
76_8;LFI;François PANCHOUT;2nd tour;30.51;14.74
76_9;EM;Stéphanie KERBARH;2nd tour;23.23;13.32
76_10;EM;Xavier BATUT;2nd tour;18.21;14.01
77_1;EM;Aude LUQUET;2nd tour;19.18;15.17
77_2;EM;Estelle ROUSSEAU;2nd tour;19.51;17.56
77_3;PS;Marie-Laure FAGES;2nd tour;27.88;13.65
77_4;LR;Christian JACOB;2nd tour;27.85;12.45
77_5;LR;Franck RIESTER;2nd tour;21.3;17.56
77_6;EM;Laëtitia MARTIG-DECÈS;2nd tour;28.76;13.71
77_7;EM;Rodrigue KOKOUENDO;2nd tour;30.58;14.75
77_8;EM;Jean-Michel FAUVERGUE;2nd tour;22.97;18.18
77_9;EM;Michèle PEYRON;2nd tour;20.16;15.96
77_10;EM;Stéphanie DO;2nd tour;25.11;16.68
77_11;EM;Amandine RUBINELLI;2nd tour;23.46;15.76
78_1;EM;Didier BAICHÈRE;2nd tour;25.99;21.05
78_2;EM;Jean-Noël BARROT;2nd tour;27.31;24.32
78_3;EM;Béatrice PIRON;2nd tour;25.42;20.92
78_4;EM;Marie LEBEC;2nd tour;27.51;22.75
78_5;EM;Yaël BRAUN-PIVET;2nd tour;24.95;22.8
78_6;EM;Natalia POUZYREFF;2nd tour;22.57;21.93
78_7;EM;Michèle DE VAUCOULEURS;2nd tour;22.37;20.42
78_8;EM;Khadija MOUDNIB;2nd tour;21.54;13.7
78_9;EM;Bruno MILLIENNE;2nd tour;20.19;15.96
78_10;EM;Aurore BERGÉ;2nd tour;39.18;29.57
78_11;EM;Nadia HAÏ;2nd tour;26.67;17.43
78_12;EM;Florence GRANJUS;2nd tour;24.41;19.64
79_1;EM;Guillaume CHICHE;2nd tour;23.32;19.19
79_2;EM;Christine HEINTZ;2nd tour;25.53;16.63
79_3;EM;Jean-Marie FIEVET;2nd tour;21.56;16.96
80_1;EM;Nicolas DUMONT;2nd tour;20.24;14.07
80_2;EM;Barbara POMPILI;2nd tour;21.79;18.11
80_3;EM;Bruno MARIAGE;2nd tour;26.79;13.05
80_4;EM;Jean-Claude LECLABART;2nd tour;28.69;15.41
80_5;FN;Loïc GRIMAUX;2nd tour;21.14;19.86
81_1;LR;Anne-Michèle BIANCHI;2nd tour;24.15;18.09
81_2;EM;Marie-Christine VERDIER-JOUCLAS;2nd tour;31.86;15.11
81_3;EM;Jean TERLIER;2nd tour;31.28;14.97
82_1;EM;Pierre MARDEGAN;2nd tour;31.26;14.9
82_2;LR;Mathieu ALBUGUES;2nd tour;20.36;17.41
83_1;EM;Elisabeth CHANTRIEUX;2nd tour;16.52;12.88
83_2;EM;Cécile MUSCHOTTI;2nd tour;25.33;13.6
83_3;EM;Alexandre ZAPOLSKY;2nd tour;16.53;14.8
83_4;FN;Philippe LOTTIAUX;2nd tour;17.85;17.21
83_5;LR;Guillaume DECARD;2nd tour;18.51;17.51
83_6;LR;Marc LAURIOL;2nd tour;28.97;14.62
83_7;FN;Frédéric BOCCALETTI;2nd tour;15.97;15.39
83_8;EM;Fabien MATRAS;2nd tour;25.42;13.35
84_1;EM;Jean-François CESARINI;2nd tour;28.59;12.99
84_2;EM;Sonia STRAPELIAS;2nd tour;28.9;13.33
84_3;FN;Hervé DE LÉPINAU;2nd tour;24.68;19.43
84_4;LR;Jean-François PERILHOU;2nd tour;28.0;12.88
84_5;EM;Jean VIARD;2nd tour;28.99;15.24
85_1;EM;Philippe LATOMBE;2nd tour;23.19;18.86
85_2;EM;Patricia GALLERNEAU;2nd tour;22.68;18.38
85_3;LR;Florence PINEAU;2nd tour;23.54;17.32
85_4;EM;Martine LEGUILLE-BALLOY;2nd tour;28.33;21.37
85_5;LR;Jean-Michel LALERE;2nd tour;21.55;15.07
86_1;EM;Jacques SAVATIER;2nd tour;26.51;17.48
86_2;EM;Sacha HOULIÉ;2nd tour;24.18;18.68
86_3;EM;Jean-Michel CLÉMENT;2nd tour;29.16;16.67
86_4;EM;Nicolas TURQUOIS;2nd tour;21.49;14.8
87_1;EM;Sophie BEAUDOUIN-HUBIERE;2nd tour;25.75;17.19
87_2;EM;Jean-Baptiste DJEBBARI-BONNET;2nd tour;20.36;17.03
87_3;EM;Marie-Ange MAGNE;2nd tour;25.95;17.19
88_1;EM;Alisson HAMELIN;2nd tour;29.08;14.07
88_2;EM;Christine URBES;2nd tour;26.28;12.49
88_3;EM;Claude THIRARD;2nd tour;22.02;13.96
88_4;FN;Jordan GROSSE-CRUCIANI;2nd tour;17.68;16.78
89_1;EM;Paulo DA SILVA MOREIRA;2nd tour;29.53;16.11
89_2;EM;Jean-Yves CAULLET;2nd tour;20.72;14.38
89_3;LR;Clarisse QUENTIN;2nd tour;27.73;12.55
90_1;EM;Christophe GRUDLER;2nd tour;27.04;13.14
90_2;EM;Bruno KERN;2nd tour;23.46;13.68
91_1;LR;Caroline VARIN;2nd tour;17.01;13.35
91_2;EM;Daphné RACT-MADOUX;2nd tour;29.31;16.57
91_3;EM;Laëtitia ROMEIRO DIAS;2nd tour;20.59;16.87
91_4;EM;Marie-Pierre RIXAIN;2nd tour;24.37;18.9
91_5;EM;Cédric VILLANI;2nd tour;28.39;22.8
91_6;EM;Amélie DE MONTCHALIN;2nd tour;22.94;19.22
91_7;EM;Muriel KERNREUTER;2nd tour;25.25;17.92
91_8;EM;Antoine PAVAMANI;2nd tour;19.59;16.62
91_9;EM;Marie GUÉVENOUX;2nd tour;21.27;16.64
91_10;LFI;Charlotte GIRARD;2nd tour;18.82;12.69
92_1;LFI;Nasser LAJILI;2nd tour;23.57;16.5
92_2;EM;Adrien TAQUET;2nd tour;28.84;22.59
92_3;EM;Christine HENNION;2nd tour;27.91;23.09
92_4;EM;Isabelle FLORENNES;2nd tour;29.03;19.41
92_5;EM;Céline CALVEZ;2nd tour;26.64;21.52
92_6;LR;Constance LE GRIP;2nd tour;29.53;26.98
92_7;EM;Jacques MARILOSSIAN;2nd tour;26.86;24.83
92_8;EM;Jacques MAIRE;2nd tour;28.58;25.46
92_9;LR;Thierry SOLÈRE;2nd tour;33.05;32.05
92_10;EM;Gabriel ATTAL;2nd tour;27.46;23.27
92_11;EM;Laurianne ROSSI;2nd tour;25.01;20.22
92_12;EM;Jean-Louis BOURLANGES;2nd tour;26.84;21.42
92_13;EM;Frédérique DUMAS;2nd tour;29.18;23.03
93_1;LFI;Éric COQUEREL;2nd tour;22.61;15.55
93_2;LFI;Stéphane PEU;2nd tour;24.72;18.63
93_3;EM;Patrice ANATO;2nd tour;26.55;20.01
93_4;EM;Prisca THEVENOT;2nd tour;22.51;11.96
93_5;LFI;Ugo PORTIER;2nd tour;20.54;14.51
93_6;LFI;Bastien LACHAUD;2nd tour;23.55;16.2
93_7;LFI;Alexis CORBIÈRE;2nd tour;25.57;17.44
93_8;EM;Sylvie CHARRIÈRE;2nd tour;21.12;16.27
93_9;LFI;Sabine RUBIN;2nd tour;22.28;14.99
93_10;EM;Billel OUADAH;2nd tour;20.63;13.71
93_11;LFI;Clémentine AUTAIN;2nd tour;22.29;16.73
93_12;EM;Stéphane TESTE;2nd tour;17.25;14.29
94_1;EM;Frédéric DESCROZAILLE;2nd tour;24.75;19.91
94_2;EM;Jean François MBAYE;2nd tour;24.06;15.96
94_3;EM;Laurent SAINT-MARTIN;2nd tour;23.42;15.25
94_4;EM;Maud PETIT;2nd tour;23.09;18.47
94_5;EM;Nadine RET;2nd tour;23.71;18.93
94_6;EM;Guillaume GOUFFIER-CHA;2nd tour;27.42;24.48
94_7;EM;Jean-Jacques BRIDEY;2nd tour;23.18;18.46
94_8;EM;Jennifer DOUIEB-NAHON;2nd tour;25.47;20.36
94_9;EM;Gaëlle MARSEAU;2nd tour;23.29;15.34
94_10;EM;Sheerazed BOULKROUN;2nd tour;23.82;18.72
94_11;EM;Albane GAILLOT;2nd tour;25.42;17.44
95_1;EM;Isabelle MULLER-QUOY;2nd tour;20.69;15.7
95_2;EM;Guillaume VUILLETET;2nd tour;21.26;16.63
95_3;EM;Cecile RILHAC;2nd tour;21.77;17.12
95_4;EM;Naïma MOUTCHOU;2nd tour;22.85;17.87
95_5;EM;Fiona LAZAAR;2nd tour;21.92;14.41
95_6;EM;Nathalie ELIMAS;2nd tour;22.42;17.75
95_7;EM;Dominique DA SILVA;2nd tour;20.4;16.07
95_8;LFI;Pamela HOCINI;2nd tour;13.77;13.41
95_9;EM;Zivka PARK;2nd tour;28.37;13.25
95_10;EM;Aurelien TACHE;2nd tour;25.37;16.83
971_1;EM;Olivier SERVA;2nd tour;12.14;8.48
971_2;EM;Diana PERRAN;2nd tour;12.61;9.42
971_3;PS;Adrien BARON;2nd tour;9.49;9.49
971_4;PS;Hélène VAINQUEUR-CHRISTOPHE;2nd tour;12.3;8.29
972_1;EM;Chantal MAIGNAN;2nd tour;11.86;7.62
972_2;LR;Yan MONPLAISIR;2nd tour;7.29;6.21
972_3;LFI;Thierry RENARD;2nd tour;11.57;11.45
972_4;LR;Sylvia SAITHSOOTHANE;2nd tour;10.23;5.18
973_1;LFI;Claire ALBANESI;2nd tour;7.95;7.95
973_2;LFI;Paul PERSDAM;2nd tour;6.17;6.17
974_1;EM;Karine NABENESA;2nd tour;18.65;11.74
974_2;EM;Stéphane RANDRIANARIVELO;2nd tour;15.56;9.56
974_3;LFI;Virginie GRONDIN;2nd tour;20.65;9.38
974_4;EM;Anaïs PATEL;2nd tour;16.98;10.79
974_5;EM;Léopoldine SETTAMA-VIDON;2nd tour;15.16;8.27
974_6;EM;Monique ORPHE;2nd tour;15.12;10.37
974_7;EM;Thierry ROBERT;2nd tour;16.44;11.43
985_1;LR;Elad CHAKRINA;2nd tour;14.0;11.05
985_2;LR;Mansour KAMARDINE;2nd tour;17.09;9.8
988_1;LR;Bernard DELADRIÈRE;2nd tour;15.41;14.75
988_2;FN;Bianca HENIN;2nd tour;9.9;9.9
987_1;UDI;Maina SAGE;2nd tour;10.79;10.11
987_2;FN;Miri DUBIEF;2nd tour;8.48;8.35
987_3;FN;Teiva LANTEIRES;2nd tour;7.93;7.93
975_1;LFI;Robert LANGLOIS;2nd tour;11.36;11.36
986_1;PS;Napole Polutélé;2nd tour;19.53;19.53
979_1;LR;Claire JAVOIS;2nd tour;8.45;6.37
99_1;EM;Roland LESCURE;2nd tour;16.51;13.66
99_2;EM;Paula FORTEZA;2nd tour;11.67;9.65
99_3;EM;Alexandre HOLROYD;2nd tour;21.88;18.15
99_4;EM;Pieyre-Alexandre ANGLADE;2nd tour;21.52;16.82
99_5;EM;Samantha CAZEBONNE;2nd tour;13.49;10.71
99_6;EM;Joachim SON-FORGET;2nd tour;17.24;15.82
99_7;EM;Frédéric PETIT;2nd tour;24.0;19.84
99_8;EM;Florence DRORY;2nd tour;8.12;6.99
99_9;PS;Didier LE BRET;2nd tour;15.8;10.18
99_10;EM;Amal Amélia LAKRAFI;2nd tour;14.92;13.69
99_11;EM;Anne GENETET;2nd tour;20.02;16.75


Composition Assemblée
LFI;29
PCF;0
EELV;0
PS;19
EM;449
UDI;2
LR;52
DLF;0
FN;26
total;577