circo;EM;FN;LR;LFI;PS;EELV;UDI;PCF;DLF
1_1;Laurent MALLET;Jérôme BUISSON;Xavier BRETON;Fabrine MARTIN ZEMLIK;Florence BLATRIX-CONTAT;Laurane RAIMONDO;;Jacques FONTAINE;
1_2;Marie Jeanne BEGUET;Anne MICHAUD;Charles DE LA VERPILLIÈRE;Sylviane THIEBAUT;;Albane Colin;;Guy BRULLAND;Pascale LEMERRE
1_3;Olga GIVERNET;Gaëtan NOBLET;Stéphanie PERNOD BEAUDON;Christian JOLIE;Géraldine SACCHI-HASSANEIN;Jean Mercier;;Jean Sébastien BLOCH;
1_4;Stéphane TROMPILLE;Blanche CHAUSSAT;Guy BILLOUDET;Line HUGUET;;Anne Partensky-Leibman;Muriel LUGA GIRAUD;Catherine LATTARD;Annick VEILLEROT
1_5;Hélène DE MEIRE;Pénélope CHALON;Damien ABAD;Bertrand JACQUIER;Elodie SCHWANDER;Carole Pontier;;Mylène FERRI;Claude JUILLET
2_1;Aude BONO-VANDORME;Damien PHILIPPOT;Christophe COULON;Jean-Marc CHAMBLAY;Fawaz KARIMET;Brigitte Fournié Turquin;;;Jacques FERRAND
2_2;;Sylvie SAILLARD-MEUNIER;Julien DIVE;Sarah LEMPEREUR;Karl PINCHERELLE;Michel Magniez;;Corinne BECOURT;Jean-Christophe SEUBE
2_3;Alain HUSILLOS-CRESPO;Paul-Henry HANSEN-CATTA;Laurent MARLOT;Alexandra MORTET;Jean-Louis BRICOUT;Christophe Parent;;Aurélien GALL;Philippe TORRE
2_4;Marc DELATTE;Jean MESSIHA;Isabelle LÉTRILLART;Sylvie HEYVAERTS;;Francis MEULEY;;Michel CARREAU;
2_5;Jacques KRABAL;François DE VOYER;;Omar FENARDJI;;Dominique Jourdain;Dominique MOYSE;;Michelle SAPORI
3_1;Pauline RIVIERE;Michèle CIUCH;Pierre-André PÉRISSOL;;Magali ALEXANDRE;Luderce POINAMBALOM;;Jean-Paul DUFRÈGNE;Corentin BLACHE
3_2;Laurence VANCEUNEBROCK-MIALON;Elisabeth CAMUS;Daniel DUGLÉRY;Sylvain BOURDIER;Nicolas BRIEN;Philippe Buvat;;;Jean DEMASSE
3_3;Bénédicte PEYROL;Jean-Pierre SIGAUD;Gabriel MAQUIN;Marie-Thérèse DUPUIS;;Pascal Devos;;;Marie-Laure BECOUZE
4_1;Delphine BAGARRY;Odile BRUN;;Emmanuelle GAZIELLO;;Colette Charriau;Brigitte BEAUMEYER;Gérard ESMIOL;Marie-Anne BAUDOUI MAUREL
4_2;Christophe CASTANER;Christian GIRARD;Sébastien GINET;Léo WALTER;;Claudine RAZEAU;;Isabelle THIBAULT;Noël CHUISANO
5_1;Pascale BOYER;Patrick DEROIN;Catherine ASSO;Éléonore FLANDIN;Karine BERGER;Chantal SARRUT;;Pierre VILLARD;
5_2;Joël GIRAUD;Laurence LEGUEM;;Christophe TASSAUX;;Agnès Antoine;Chantal EYMEOUD;;
6_1;Caroline REVERSO-MEINIETTI;Jean-Pierre DAUGREILH;Eric CIOTTI;Robert INJEY;Yann LIBRATI;Moussa BA;;;Thomas CALVIFIORI
6_2;Loîc DOMBREVAL;Jérôme COCHET;;Sonia NAFFATI;;Brigitte REYNARD;Anne SATTONNET;Jean-Louis FIORI;Eliette TROUCHE
6_3;Cédric ROUSSEL;Philippe VARDON;;Bruno COULET;Raphaël GALMICHE;Juliette Chesnel;Rudy SALLES;;Muriel LOUBET
6_4;Alexandra VALETTA ARDISSON;Olivier BETTATI;Xavier BECK;Zohra BRIAND;;Laurent Lanquar;;Michaël ALBIN;Jean-Marc CHIPOT
6_5;;Chantal AGNELY;Marine BRENIER;Philippe PELLEGRINI;Jacqueline DEVIER;Christine BEYL;;;Thibault DELHEZ
6_6;Nathalie AUDIN;Yoann SALIBA;Laurence TRASTOUR-ISNART;Prune HELFTER-NOAH;Michel GAILLARD;Antoine Marchese;;Jean-François TÉALDI;Lionel DOLCIANI
6_7;Khaled BEN ABDERRAHMANE;Lionel TIVOLI;Eric PAUGET;Philippe CARENZO;;Elisabeth Deborde;;Cécile DUMAS;Sophie MORI
6_8;Philippe BUERCH;Anne KESSLER;Bernard BROCHAND;Maddy VARD;Antoine BABU;Fabien Torres;;Christine SCHOUVER;Pamela BIATOUR
6_9;Dominique FILLEBEEN;Nathalie PAVARD;Michèle TABAROT;Denis LEBLANC;Louis ACACIO;Didier Cherel;;Odile CLEMENTE;Jean-Luc BURGAUD
7_1;André DUPONT;Céline PORQUET;;Luisa GAILLARD SANCHEZ;Hervé SAULIGNAC;Olivier Keller;François ARSAC;Francois JACQUART;
7_2;Laurette GOUYET-POMMARET;Odile LASFARGUES-BOUYON;Marc-Antoine QUENETTE;Samia HASNAOUI;Olivier DUSSOPT;Nadia Senni;;Daniel BABAROSSA;Isabelle FRANÇOIS
7_3;Matthieu PEYRAUD;Thierry ARSAC;Fabrice BRUN;Alain JOFFRE;Sabine BUIS;Guillaume Vermorel;;Carole DAUDAN;Jean-Pierre MEJEAN
8_1;Jean-Pierre MORALI;Sophie LORENZO;Bérengère POLETTI;Françoise VERLHAC;;Christophe Dumont;;Sylvain DALLA-ROSA;
8_2;Mario IGLESIAS;Guillaume LUCZKA;Pierre CORDIER;Michel CARTIAUX;Christophe LEONARD;Jean PIERRARD;;Igor NIVELET;
8_3;Christelle VORILLION;Amandine BLOMME;Jean-Luc WARSMANN;Sophie PERRIN;Didier HERBILLON;Cédric Sauvage;;Dalila MAOUCHE;
9_1;Jérôme AZEMA;Laurence LEFORT;Marie-Noëlle SAMARCQ;Bénédicte TAURINE;Martine ESTEBAN;Florence Cortes;;José NAVARRO;
9_2;Huguette BERTRAND-VINZERICH;Bernard GONDRAN;Philippe CALLEJA;Michel LARIVE;Alain FAURÉ;Jérôme Brosseron;Bernadette DEDIEU-COUMENAY;Vincent HEREDIA;Guy DJEDAINI
10_1;Grégory BESSON-MOREAU;Bruno SUBTIL;Nicolas DHUICQ;Michel BACH;;Michel Gueritte;;Marie GATARD-LAFOND;
10_2;Djamila HADDAD;Jean-Christophe LEFEVRE;Valérie BAZIN-MALGRAS;Elise GEHIN;Virgil HENNEQUIN;Benjamin Birêne;;Gisèle MALAVAL;
10_3;Pascal LANDRÉAT;Angélique RANC;Gérard MENUEL;Yves BOUTEILLER;David BLANCHON;Nelly COLLOT-TOUZÉ;;Arnaud PACOT;Laurent STOCCO
11_1;Danièle HÉRIN;Christophe BARTHÈS;Miren DE LORGERIL;Marine TORO;Alain GINIES;Nicole ESCOURBIAC;Yamina MAMOU;Mylène VESENTINI;Hervé BOISSONADE
11_2;Alain PEREA;Jean-François DARAUD;Michel PY;Jean-Hugues SILBERMAN;Marie-Hélène FABRE;Marie-Laure Arripe;;Xavier VERDEJO;André JACQUES
11_3;Mireille ROBERT;Christelle DE L'EPINOIS;Catherine VERGÉ;Manon LE BRETTON;André VIOLA;Daniel Dedies;;;
12_1;Stéphane MAZARS;Matthieu DANEN;Yves CENSI;Pierre DEFONTAINES;Sarah VIDAL;Christian Lammens;;Anne MINIER;
12_2;Anne BLANC;Bruno LELEU;André AT;Pascal MAZET;Bertrand CAVALERIE;Guy Pezet;;;
12_3;Jean-Louis AUSTRUY;Muriel ABRIAC;Arnaud VIALA;Catherine LAUR;;Thierry NOËL;;Sophie TARROUX;Henri TEMPLE
13_1;Pascal CHAMASSIAN;Franck ALLISIO;Valérie BOYER;Bernard BORGIALLI;Gérard OREGGIA;Anne-Marie Danièle;;Christine DIDON;Paul ROUDIER
13_2;Claire PITOLLAT;Caroline SICARD;Dominique TIAN;Ariane GIL;Annie LEVY-MOZZICONACCI;Christine Juste;;Audrey GARINO;Bernadette MONETTO
13_3;Alexandra LOUIS;Stéphane RAVIER;Richard MIRON;Sarah SOILIHI;Anne DI MARINO;Karim Mouaci;;;Simone CHARIN
13_4;Corinne VERSINI;Jeanne MARTI;Solange BIAGGI;Jean-Luc MÉLENCHON;Patrick MENNUCCI;Lydie GANDON;;;Gabriel DUPLAIX
13_5;Cathy RACON-BOUZON;Jean-François LUC;Yves MORAINE;Hendrik DAVI;;Daniel Vanetti;;Isabelle PASQUET;Mathilde GOUIN
13_6;Eléonore LEPRETTRE;Eléonore BEZ;Guy TEISSIER;Annie GAL;;Hervé Menchon;;Anthony GONÇALVES;Véronique PUCCINI
13_7;Saïd AHAMADA;Sophie GRECH;;Ouali BRINIS;Henri JIBRAYEL;Lydia Frentzel;Arlette FRUCTUS;Jean-Marc COPPOLA;Jean-Marc CORTEGGIANI
13_8;Jean-Marc ZULESI;Antoine BAUDINO;Sandra DALBIN;Nadia GRAINDORGE;Clément ACAR;Mathieu Saintagne;;Michel FRATE;Christiane PUJOL
13_9;Sylvie BRUNET;Hervé ITRAC;Bernard DEFLESSELLES;Sylvie PILLE-LESOU;Stéphanie HARKANE;Boualam AKSIL;;;Colette GEREUX
13_10;François-Michel LAMBERT;Laurent JACOBELLI;;Jacques CHARTON;Vincent COULOMB;Rémy Carrodano;Bruno GENZANA;Eric SORDET;Bastien BEAUDOIN
13_11;Mohamed LAQHILA;Maximilien FUSONE;Christian KERT;Claudie HUBERT;;Dorian Hispa;;André MOLINO;Gérald UBAUD
13_12;Camille BAL;Jean-Lin LACAPELLE;Eric DIARD;Damien MERONO;Isabelle ROVARINO;Nathalie Sirben;;Laurence JOUANAUD;Gérard FAISSAL
13_13;Magali SIREROLS;Emmanuel FOUQUART;Jean-Luc DI MARIA;;Lionel JAREMA;Eveline Lelieur;Fabienne BONTEMPS;Pierre DHARRÉVILLE;Audrey CORRAL
13_14;Anne-Laurence PETEL;Nathalie CHEVILLARD;Stéphane PAOLI;Hélène LE CACHEUX;Jean-David CIOT;Olivia FRANZI-LABIAD;;Josiane DURRIEU;Pierre CAYOL
13_15;Nathalie FARRO;Jean-Alexandre MOUSSET-SEISSON;Bernard REYNÈS;Michèle JUNG;;Hélène Haensler;;Florence CASTANET;Lucas GARCIA MATEO
13_16;Monica MICHEL;Valérie LAUPIES;Marie-Pierre CALLET;Gérard GERON;Nora MEBAREK;Alice GREETHAM;;;Laura TAMBORINI
14_1;Fabrice LE VIGOUREUX;Chantal HENRY;;Karinne GUALBERT;Eric VÈVE;Rudy L'Orphelin;Sonia DE LA PROVÔTÉ;Marie-Jeanne GOBERT;Annie PELLUET
14_2;Eric HALPHEN;Sabrina JORET;Aminthe RENOUF;Etienne BRASSELET;Laurence DUMONT;Noëlle Le Maulf;;Gérard LENEVEU;Christine BONNISSENT
14_3;Florence LEHERICY;Christelle LECHEVALIER-LETARD;Sébastien LECLERC;Didier CANU;Clotilde VALTER;Jacques BESSIN;;Serge LOISEAU;Steven MAFIODO
14_4;Christophe BLANCHET;Philippe FOUCHÉ-SAILLENFEST;Nicole AMELINE;Stéphane POUSSIER;Xavier MADELAINE;Sophie Börner;;Pierre MOURARET;Alain ASTRESSE
14_5;Bertrand BOUYX;Christine BISSON;Cédric NOUVELOT;;;Christophe SADY;;;Eric BEAUDOIN
14_6;Alain TOURRET;Jean-Philippe ROY;;Paul DEMEILLIERS;;Sibylle Corblet-Aznar;Hubert PICARD;Virginie POIRIER;Thomas GALLICE
15_1;François DANEMANS;Marie-Claire NATHER;Vincent DESCOEUR;Thierry BONHOURE;;Stéphane Frechou;;Jean-François BARRIER;
15_2;Patricia ROCHES;Gilles LACROIX;Jean-Yves BONY;;Marc PETITJEAN;Elise Brugiere;;François BOISSET;Jérôme DUMAS
16_1;Thomas MESNIER;Geoffray GOURRÉ;Elise VOUVET;Martine BOUTIN;Martine PINVILLE;Odile Achard;;Djillali MERIOUA;
16_2;Sandra MARSAUD;Isabelle LASSALLE;Daniel SAUVAITRE;Nathalie JABLI;Marianne REYNAUD-JEANDIDIER;Pascale Lacourarie;Pascaline BRISSET;Claudine PONCY;
16_3;Madeleine NGOMBET BITOO;Aurélie DE AZEVEDO;;Véronique GRÉGORI-BACHELIER;Jérôme LAMBERT;Anabelle Sicre;Brigitte FOURÉ;Christophe MAUVILLAIN;Annie BRAGG
17_1;Otilia FERREIRA;Jean Marc DE LACOSTE LAREYMONDIE;Bruno LEAL;Cedric RUFFIE;;Jean-Marc Soubeste;;Brahim JLALJI;
17_2;Fréderique TUFFNELL;Jean-Louis LEYGONIE;Sylvie MARCILLY;Maud ASSILA;;Brigitte Desveaux;;Michele GRENIER;Dominique DROIN
17_3;Jean-Philippe ARDOUIN;Rachel COINTET;Frederic NEVEU;Remy CATROU;Francoise MESNARD;Joelle DE CORTE;Henriette DIADIO-DASYLVA;Marie-France MOQUET;
17_4;Raphaël GÉRARD;Isabelle TEXIER;Loic GIRARD;Lucie KIRCHNER;Fabienne DUGAS-RAVENEAU;Laurence Marcillaud;;Pascal PELLERIN;Éric DEVISE
17_5;;Severine WERBROUCK;Didier QUENTIN;Geoffrey LEBRETON PEREZ;Mickael VALLET;Stéphanie Muzard;;Jacques GUIARD;Maurice MONTANGON
18_1;François CORMIER-BOULIGEON;Jean-René COUEILLE;Wladimir D'ORMESSON;Frédéric RENARD;Céline BEZOUI;Françoise Pouzet;Laurent SORCELLE;;
18_2;Nadia ESSAYAN;Martine RAIMBAULT;Sophie BERTRAND;;Agnès SINSOULIER-BIGOT;Marie Thérèse Petit;;Nicolas SANSU;
18_3;Loïc KERVRAN;Jordan LE GOÏC;Louis COSYNS;Jean RIFFET;Yann GALUT;Catherine Menguy;Olivier BEATRIX;Magali BESSARD;Éric THEVENIN
19_1;Christophe JERRETIE;Agnès TARRASO;Françoise BÉZIAT;Jean-Marc VAREILLE;Bernard COMBES;Mumine Ozsoy;;Jean MOUZAT;Antoine BEHR
19_2;Patricia BORDAS;Jean-Pierre MORET;Frédérique MEUNIER;Selin ERSOY;Philippe NAUCHE;Bruno Meura;;Philippe TILLET;Jean-Pierre FAURIE
2A_1;Maria GUIDICELLI;;Jean-Jacques FERRARA;Jacques CASAMARTA;;;;Anissa Flore AMZIANE;
2A_2;Jean-Charles ORSUCCI;;Camille DE ROCCA SERRA;Dylan CHAMPEAU;;;;Nicolas ALARIS;
2B_1;François ORLANDI;René CORDOLIANI;Sauveur GANDOLFI-SCHEIT;Catherine LAURENTI;;;;Michel STEFANI;
2B_2;Francis GIUDICI;Dadou JACOB DIT LUZIE-ALBERTINI;Stéphanie GRIMALDI;Jean MOGHRAOUI;;;;Marie Jeanne FEDI;
21_1;Didier MARTIN;Isabelle DELYON;Anne ERSCHENS;Arnaud GUVENATAM;Sladana ZIVKOVIC;Olivier Muller;;Marie POINSEL;Fatima ARJI
21_2;François DESEILLE;Franck GAILLARD;Rémi DELATTE;Patricia MARC;Pierre PRIBETICH;Catherine Hervieu;;Tata OUARAG;Fabrice GRUET
21_3;Fadila KHATTABI;Jean-François BATHELIER;Pascale CARAVEL;Boris OBAMA;Anne DILLENSEGER-SEBTI;Michel Procureur;;Isabelle DE ALMEIDA;
21_4;Yolaine DE COURSON;Sylvie BEAULIEU;Charles BARRIERE;Stéphane GUINOT;;Jean Baloutch;;Danielle GUTIERREZ;Sébastien ROUSSET
21_5;Didier PARIS;René LIORET;Hubert POULLOT;Elisabeth KREMER;Jérôme FLACHE;Carole Bernhard;;Jacques CARDOT;
22_1;Bruno JONCOUR;Pierre-Yves LOPIN;Sylvie GRONDIN;Marion GORGIARD;Michel LESAGE;Aurélien Danvert;;Jean-François PHILIPPE;
22_2;Hervé BERVILLE;Odile DE MELLON;Didier DÉRU;Didier GIFFRAIN;Viviane LE DISSEZ;Jocelyne Leclerc;;;
22_3;Olivier ALLAIN;Pierre-Marie LAUNAY;Marc LE FUR;Ronan GLAZIOU;;Nicolas Hervé;;Christelle SCHWEITZER;
22_4;Yannick KERLOGOT;Sandrine MADEC;Martine TISON;Murielle LEPVRAUD;Annie LE HOUÉROU;Sylvie Bourbigot;;Cinderella BERNARD;
22_5;Eric BOTHOREL;Annick LEBIEZ;;Marie-Amélie TROADEC;Eric ROBERT;Yves Nédélec;Jean-Yves DE CHAISEMARTIN;Benoît DUMONT;
23_1;Jean-Baptiste MOREAU;Martial MAUME;Jérémie SAUTY;Laurence PACHE;Michel VERGNIER;Pierrette Bidon;;Claude GUERRIER;Damien DEMARIGNY
24_1;Philippe CHASSAING;Marie Catherine HALLIDAY;Laurent MOSSION;Hélène REYS;Michel MOYRAND;Yann LAVALOU;;Vianney LE VACON;
24_2;Michel DELPON;Éric VILLEMAGNE;Gaëlle BLANC LAJONIE;Chrystel BOUTILLIER;;Brigitte Allain;;Armand ZACCARON;Robert RICHARD
24_3;Jean-Pierre CUBERTAFON;Michel BERGOUGNOUX;Isabelle HYVOZ;Philippe GUILLERME;Colette LANGLADE;;;Jean Paul SALON;Patrick VOLKER
24_4;Jacqueline DUBOIS;Florence JOUBERT;Jérôme PEYRAT;Émilie CHALARD;Benjamin DELRIEUX;François Coq;Edwige GORISSE;Joëlle MONTUPET;
25_1;Fannette CHARVIER;Anna ROMANO;Françoise BRANGET;Habiba DELACOUR;Barbara ROMAGNAN;Alain ROBERT;;;
25_2;;Julien ACARD;Ludovic FAGAUT;Claire ARNOUX;;Eric ALAUZET;;Christophe LIME;Jean-Claude CHOMETTE
25_3;Denis SOMMER;Loup VIALLET;Frédéric CARTIER;Christophe ESPOLIO;Sidonie MARCHAL;Odile Joannès;;;
25_4;Frédéric BARBIER;Sophie MONTEL;Valère NEDEY;Nadia BARZNICA;;Anna Maillard;;Corinne RIQUET;Christine BESANÇON
25_5;Sylvie LE HIR;Jérémy NAVION;Annie GENEVARD;Martine LUDI;;Anthony Poulin;;Evelyne TERNANT;
26_1;Mireille CLAPOT;Bernard SIRONNEAU;Bertrand RACT-MADOUX;Karine MESSINA-DAUTRY;Pierre-Jean VEYRET;Annie Roche;;Dominique LORMIER;Pascale AUDIN
26_2;Alice THOUROT;Laure PELLIER;;Rachel MAHÉ;Isabelle MALRIC;Danielle Persico;Franck REYNIER;Pierre TRAPIER;Christian CARACCHINI
26_3;Célia DE LAVERGNE;Rachel REYGNIER;Paul BERARD;Didier THEVENIEAU;Pascale ROCHAS;Martine Morvan;;Chantal BÉLÉZY;Norbert AGUERA
26_4;Latifa CHAY;Bruno DERLY;Emmanuelle ANTHOINE;Emma OULD AOUDIA;Pierre JOUVET;Dominique Reynaud;;Jean-Marc DURAND;
27_1;Bruno LE MAIRE;Fabienne DELACOUR;Coumba DIOUKHANÉ;Michaël DESPRÈS;;Laetitia Sanchez;;Maryata KONTÉ;Fataumata NIAKATE
27_2;Fabien GOUTTEFARDE;Emmanuel CAMOIN;Jean-Paul LEGENDRE;Nathalie PACOURET;;;;Valéry BEURIOT;
27_3;Marie TAMARELLE-VERHAEGUE;Timothée HOUSSIN;;Gwenhaël LAVERGNE;Marie-Claire HAKI;Christine Regentête;Pierre BIBET;;
27_4;Bruno QUESTEL;Doris PERREAUX;;Arnaud LEVITRE;Richard JACQUET;Alexis Fraisse;François-Xavier PRIOLLAUD;;Carole DEBOOS
27_5;Claire O'PETIT;Vincent TAILLIEU;Alexandre RASSAËRT;Pierre ZIMMERMANN;Martine SEGUELA;Joëlle FONTAINE;;Liliane BERNINI;Michael BARTON
28_1;Guillaume KASBARIAN;Sylvie ROUXEL;Franck MASSELUS;Julien MORAINNES;Stéphane CORDIER;Pierre MAZAHERI;;Hugues VILLEMADE;
28_2;Claire Tassadit HOUD;Aleksandar NIKOLIC;Olivier MARLEIX;Jean-Michel DEJENNE;Nadia FAVERIS;Youssef Lamrini;;;
28_3;;Guylaine BERCHER;Laure DE LA RAUDIERE;Pascale CERTAIN;;Françoise Réparat;;;
28_4;Fabien VERDIER;Vincent COLLO;;Sophie SINATTI;;Nachida Barre;Philippe VIGIER;Dominique GARCIA;
29_1;Annaïg LE MEUR;Christel HÉNAFF;;Jugdeep HARVINDER;Jean-Jacques URVOAS;Jean-Pierre Bigorgne;Claire LEVRY GERARD;Yvonne RAINERO;Jeannine LE DU
29_2;Jean-Charles LARSONNEUR;Karine LÉAL;Véronique BOURBIGOT;Pierre-Yves CADALEN;Patricia ADAM;Nathalie Chaline;;Eric GUELLEC;
29_3;Didier LE GAC;Guy LEAL;Marie-Catherine MOUCHOT;Christine PANAGET;;Patrick Appéré;;Jean-Paul CAM;Yves GUEGUEN
29_4;Sandrine LE FEUR;Edith ROUSSEL;Maël DE CALAN;Julien KERGUILLEC;Gwenegan BUI;Christine Prigent;;Ismaël DUPONT;Florian LE SAUX
29_5;Graziella MELCHIOR;Renée THOMAÏDIS;;Pascale MARCHAND;Chantal GUITTET;Rosalie Salaun;;Pierre-Yves LIZIAR;Jean-Paul BARRÉ
29_6;Richard FERRAND;Patrick LE FUR;Gaëlle NICOLAS;Jean-Michel LUCAS;;Nathanaël Legeard;;Maxime PAUL;Sophie ROSSIGNEUX
29_7;Liliane TANGUY;Agnès BELBÉOC'H;Didier GUILLON;Roland JAOUEN;Florence CROM;Jean Cathala;Christophe ROUMIER;;
29_8;Erwan BALANANT;Mikaël CARÉO;Laëtitia BOIDIN;Emmanuel MAGNAN;Michael QUERNEZ;Marie-Andrée Jérôme-Clovis;;Jacques RANNOU;Joseph PICHON
30_1;Françoise DUMAS;Yoann GILLET;;Yannick BATTEFORT;;Dominique Andrieu Bonnet;Thierry PROCIDA;Sylvette FAYET;Pascaline FOSTYK
30_2;Sara MARIE;Gilbert COLLARD;Pascale MOURRUT;Danielle FLOUTIER;;Béatrice Leccia;;;Geneviève BOURRELY
30_3;Anthony CELLIER;Monique TEZENAS DU MONTCEL;Muriel DHERBECOURT;Geneviève SABATHÉ;;Marie-Pierre Mercier;;Léa COMUSHIAN;Jean ISNARD
30_4;Annie CHAPELIER;Brigitte ROULLAUD;Valérie MEUNIER;Lucie ROUSSELOU;Fabrice VERDIER;Dirk Offringa;;Claude CERPEDES;
30_5;Olivier GAILLARD;Daniela DE VIDO;Léa BOYER;Guillaume ROIRON;Nelly FRONTANAU;Benjamin Deceuninck;;Jean-Michel SUAU;André BANIOL
30_6;Philippe BERTA;Laurence GARDET;Richard FLANDIN;Karine VOINCHET;;Sibylle Jannekeyn;;Philippe GASSER;Jacques ARMANDO
31_1;Pierre CABARE;Quentin LAMOTTE;François CHOLLET;Claire DUJARDIN;Catherine LEMORTON;Xavier Bigot;;Pierre LACAZE;
31_2;Jean-Luc LAGLEIZE;Nadine ALEX;Christine GENNARO-SAINT;Anne STAMBACK-TERRENOIR;Gérard BAPT;Salah Amokrane;;Serge NICOLO;Yves RIBES
31_3;Corinne VIGNON;Sonia DECAMPS;Laurence ARRIBAGE;Gilles NAUDY;Isabelle HARDY;Yannick Bourles;;Martine CROQUETTE;
31_4;Mickaël NOGAL;Maïthé CARSALADE;Bertrand SERP;Liem HOANG NGOC;Martine MARTINEL;Elisabeth Matak;;Luc RIPOLL;
31_5;Jean-François PORTARRIEU;Julien LEONARDELLI;;Sylvie ESPAGNOLLE-LABRUNE;Sandrine FLOUREUSSES;Clémentine Renaud;Jean-Marc DUMOULIN;Monique MARCONIS;
31_6;Monique IBORRA;Michèle PELLIZZON;Damien LABORDE;Patrick JIMENA;Camille POUPONNEAU;Stéphane Renaux;;Daniel FOURMY;Laurent CASBAS
31_7;Elisabeth TOUTUT-PICARD;Marie DOMBES;Françoise BORRET;Christophe BEX;Marie-Caroline TEMPESTA;Catherine Renaux;;Danielle TENSA;Damien JEANNE
31_8;Michel MONTSARRAT;Marie-Christine PAROLIN;;Philippe GIMENEZ;Joël AVIRAGNET;Sophie Handschutter;Jean-Luc RIVIERE;Corinne MARQUERIE;Laure GONZALEZ
31_9;Sandrine MÖRCH;Eloïse TERIITAUMIHAU;Simone PAUZIN-FOURNIÉ;Manuel BOMPARD;Christophe BORGEL;Christine Arrighi;;Véronique BLANSTIER;
31_10;Sébastien NADOT;Mathieu LACHURIES;Arnaud LAFON;Monique FABRE;Kader ARIF;Henri Arevalo;Dominique FAURE;Christian PICQUET;Jean-Pierre MAYER
32_1;Jean-René CAZENEUVE;Nathalie PIERREISNARD;;Pascal PÉNÉTRO;Francis DUPOUEY;Sylviane Baudois;Christophe TERRAIN;Annabelle SKOWRONEK;Vivien PEREZ
32_2;Christopher SOCCIO;Thomas GUASCH;Barbara NETO;Myriam RIMBERT;Gisèle BIÉMOURET;Jean-Paul Dugoujon;;Bruno GABRIEL;Bruno DIENOT
33_1;Dominique DAVID;Philippe DUBOIS;Nicolas FLORIAN;Evelyne CERVANTES-DESCUBES;Philippe DORTHE;Nelson Palis-Niermann;;Vincent MAURIN;Sophie BARAKAT
33_2;Catherine FABRE;Julie RECHAGNEUX;Anne WALRYCK;Aude DARCHY;Michèle DELAUNAY;Pierre Hurmic;;Servane CRUSSIÈRE;Christophe BUGEAU
33_3;Marik FETOUH;Bruno PALUTEAU;Alexandre GOURD;Loïc PRUD'HOMME;Naîma CHARAÏ;Cécile TEULON;;Isabelle TARIS;Dominique DUFOUR
33_4;Aziz S'KALLI-BOUAZIZA;Serge HADON;;Maud BESSON;Alain DAVID;Laure Desvalois;Hubert LAPORTE;Berivan BAL;Martine HOSTIER
33_5;Benoit SIMIAN;Grégoire DE FOURNAS;Florence LEGRAND;Martine CALVO;Pascale GOT;Stéphane Saubusse;;Stéphane LE BOT;Sonia COLEMYN
33_6;Eric POULLIAT;Marie-Mauricette MARTINEZ;;Marie DURET-PUJOL;Marie RÉCALDE;Ludovic Guitton;Rémi COCUELLE;Pierre CAZENAVE;Sandrine PENY
33_7;Bérangère COUILLARD;Marlène MIGNON;Karine ROUX-LABAT;Johanne SEBAUX;Bernard GARRIGOU;Jean-Yves Grandidier;;Didier SARRAT;Brigitte RYCKWAERT-ROUMÉGOUS
33_8;Sophie PANONACLE;Laurent LAMARA;Yves FOULON;Cécile COTI;Pierre PRADAYROL;Nicolas Dubot;;Danielle TRANNOY;Sophie LE PAGE
33_9;Sophie METTE;Sophie RIVIÈRE DURIVAULT;Michel DUFRANC;François PAPIAU;Gilles SAVARY;Dominique Baude;;Cristine GUERNÉ;Rémi BERTHONNEAU
33_10;Florent BOUDIÉ;Sandrine CHADOURNE;Jean-Paul GARRAUD;Eloïse BAJOU;Antoine GARANTO;Agnès Séjournet;Charles POUVREAU;;Julien DELAMORTE
33_11;Véronique HAMMERER;Edwige DIAZ;Mireille CONTE JAUBERT;Joêlle LOSSON;Michelle LACOSTE;Oliver Richard;;Sébastien LABORDE;Georges GIACOMOTTO
33_12;Christelle DUBOS;Patrick DUVAL-CAMPANA;Yves D'AMÉCOURT;Christophe MIQUEU;Catherine VEYSSY;Anne-Laure Fabre-Nadler;;;Alexis FEBBRARI
34_1;Patricia MIRALLÈS;France JAMET;;Julien COLET;;Jean-Louis Roumegas;Joseph FRANCIS;;Fabienne ALBARRAN
34_2;Stéphanie JANNIN;Pierre ALIOTTI;Nancy CANAUD;Muriel RESSIGUIER;Fatima BELLAREDJ;Coralie Mantion;;Isabel CABECA;Claudia DECHASSAT
34_3;Coralie DUBOST;Laurianne TROISE;Catherine DARDÉ;Stéphane VIDAL;Fanny DOMBRE COSTE;Laurent HOARAU;;Logan GIRARD;Joëlle COMTE
34_4;Jean-François ELIAOU;François GAUBERT;Laurence CRISTOL;Etienne HAYEM;Frédéric ROIG;Laurent Dupont;;Florian VIRE;Gilles PHOCAS
34_5;Philippe HUPPÉ;Gilles ARDINAT;Catherine ROUILLÉ;Pierre POLARD;Marie PASSIEUX;William ROUANET;;Michel CAPRON;
34_6;Isabelle VOYER;Emmanuelle MÉNARD;Elie ABOUD;David GARCIA;Antonio FULLEDA;Jeannick ROLLAND;;Nicolas COSSANGE;
34_7;Christophe EUZET;Myriam ROQUES;Laurence MAGNE;Marie-Hélène LECLERCQ;Sébastien DENAJA;;;Jean-Luc BOU;Virginie ANGEVIN
34_8;Nicolas DÉMOULIN;Gérard PRATO;Arnaud JULIEN;Marielle FENECH- MONFORT;Christian ASSAF;Sabria BOUALLAGA;;Max SAVY;Michel COLAS
34_9;Patrick VIGNAL;Guillaume VOUZELLAUD;Joëlle JENIN-VIGNAUD;Imane DIANI;;Bertrand Coisne;;Myriam HAMMOUD;Frederic DUMAY
35_1;Mostapha LAABID;Emeric SALMON;;Patrick BERGOGNÉ;Marie-Anne CHAPDELAINE;Didier Chapellon;Grégoire LE BLOND;Michel DEMOLDER;
35_2;Laurence MAILLART-MÉHAIGNERIE;Julien MASSON;Bertrand PLOUVIER;Louis FRICKER;Gaëlle ANDRO;Lucile Koch-Schlund;;Evelyne FORCIOLI;
35_3;;Justine DIEULAFAIT;Mélina PARMENTIER;Virginie ABAUTRET;François ANDRÉ;Gaëlle Rougier;;Yannick NADESAN;
35_4;Gaël LE BOHEC;Christian LECHEVALIER;Jean-Marc CARREAU;Marc MARTIN;Franck PICHOT;Sarah Trichet-Allaire;;;Nelly ROSAIS
35_5;Christine CLOAREC;Laurence PRIN;Isabelle LE CALLENNEC;Mickaël HUGONNET;Stéphane LENFANT;Bernard Martin;;;Jean-Pierre CHARRIER
35_6;Nolwenn VAHÉ;Gilles PENNELLE;;Hélène MOCQUARD;;Sylvie GALODE;Thierry BENOIT;Benoit MONTABONE;
35_7;Valérie FRIBOLLE;Philippe MIAILHES;Gilles LURTON;Nicolas CHEVALLIER;;Solenn Hallou (PCF);;;
35_8;Florian BACHELIER;Françoise GUILLERME;Amélie DHALLUIN;Enora LE PAPE;Emmanuel COUET;Matthieu Theurier;;Claire PAYEN;Sébastien PIROU
36_1;;Mylène WUNSCH;Paulette PICARD;Corinne KELLER;Jean-Paul CHANTEGUET;Muriel Beffara;;Michel FRADET;Alix PENLOUP-ARBONA
36_2;Sophie GUERIN;Dominique LANYI;Nicolas FORISSIER;Lionel THURA;Isabelle BRUNEAU;Raphaël Tillie;;Michel SALLANDRE;
37_1;Philippe CHALUMEAU;Laurence LECARDONNEL;Céline BALLESTEROS;Claude BOURDIN;Jean-Patrick GILLE;Christophe Dupin;;Léonard LEMA;Emmanuel LAKIERE
37_2;Daniel LABARONNE;Stanislas DE LA RUFFIE;Claude GREFF;Frédéric NOBILEAU;Isabelle GAUDRON;Eric Beaugendre;;Fabien COSTE;Virginie BERGERARD
37_3;;Eva KUKULSKI;;Sylvie ADOLPHE;Marisol TOURAINE;Marie Agnès Peltier;Sophie AUCONIE;Ronan LEBERT;François-Xavier DECROP
37_4;Fabienne COLBOC;Véronique PÉAN;Hervé NOVELLI;Nadia VEZIN;Laurent BAUMEL;Michel Gendron;;Sophie HERVÉ;Véronique VALIN
37_5;Sabine THILLAYE;Daniel FRACZAK;Fabrice BOIGARD;Constance ASCAR;;Erwan Deliz;;Françoise ROUX;Jean DE FOUQUIÈRES
38_1;Olivier VERAN;Marie DE KERVÉRÉGUIN;;Elsa RÉGIS;;Nicolas Kada;Jean-Damien MERMILLOD-BLONDIN;Nathalie VEYRET;
38_2;Jean-Charles COLAS-ROY;Alexis JOLLY;Magalie VICENTE;Taha BOUHAFS;Pierre VERRI;Elisabeh Letz;;David QUEIROS;Bruno LAFEUILLE
38_3;Emilie CHALAS;Béatrix BOLVIN;Elodie LEGER;Raphaël BRIOT;Michel DESTOT;Soukaïna Larabi;;Jean-Paul TROVERO;Alain BONNET
38_4;Fabrice HUGELÉ;Sandrine PIMONT;Sandrine MARTIN-GRAND;Laurent VIALLARD;Marie-Noëlle BATTISTEL;Henry Tidy;;Myriam MARTIN;Sara SEYS
38_5;Catherine KAMOWSKI;Muriel BURGAZ;Philippe LANGENIEUX-VILLARD;Patrice BRUN;Eliane GIRAUD;Gaël  Roustan;;Sylvie GUINAND;Ludovic BLANCO
38_6;Cendra MOTIN;Gérard DÉZEMPTE;Alain MOYNE-BRESSAND;Michael AYDIN;Alexandre BOLLEAU;Cécile Viallon;;Frédérique PENAVAIRE;
38_7;Monique LIMON;Pierre DELACROIX;Yannick NEUDER;Valérie BONO;;Nadine Reux;;;Nadine NICOLAS
38_8;Caroline ABADIE;Thibaut MONNIER;Maryline SILVESTRE;Myriam THIEULENT;Erwann BINET;Michèle DURIEUX;;;
38_9;Elodie JACQUIER-LAFORGE;Bruno DESIES;Bruno GATTAZ;Marie-Pierre MICOUD;;Patrick Cholat;;;Mickaël JULIAN
38_10;Marjolaine MEYNIER-MILLEFERT;Alain BREUIL;Vincent CHRIQUI;Thierry MONCHATRE-JACQUOT;Joëlle HUILLIER;Frédéric Espinosa;;Mehdi SAHRAOUI;Nicolas MONIN-VEYRET
39_1;Danielle BRULEBOIS;Jean-Paul ECARD;Cyrille BRERO;Gabriel AMARD;Marc-Henri DUVERNET;Gérard DOBELLI;;;Gilles MORICONI
39_2;Anne PROST-GROSJEAN;Nathalie DESSEIGNE;Marie-Christine DALLOZ;Julie LANÇON;;Christophe Masson;;;
39_3;Paul-Henri BARD;Stéphane MONTRELAY;Jean-Marie SERMIER;Jean-Bernard MARCUZZI;;;;Laurence BERNIER;Sylvie VIARD
40_1;Geneviève DARRIEUSSECQ;Christophe BARDIN;Marie-Françoise NADAU;Céline PIOT;Renaud LAGRAVE;Fanette Billard;;Thierry LE BRIS;Claude MOLLE
40_2;Lionel CAUSSE;Francis GARCIA;Sylviane PACOT;Caroline DACHARRY;Christine BASLY-LAPEGUE;Marie-Ange Delavenne;;Jean-Marc LESPADE;Jean-Pierre POURRUT
40_3;Jean-Pierre STEINER;Océane RAVIX;;Philippe DUBOURG;Boris VALLAUD;Richard Bidegaray;Marie Claire DUPRAT;Michèle BERTHOU;Nicole DE LETTER
41_1;Marc FESNEAU;Michel CHASSIER;Damien HENAULT;Kenza BELLIARD;Denys ROBILIARD;Nicolas Orgelet;;Camélia KHABÈCHE;
41_2;Jean-Luc BRAULT;Mathilde PARIS;Guillaume PELTIER;Yvon CHÉRY;Didier GUÉNIN;Marie Robin;;Jean-Claude DELANOUE;Marilyne CORBEAU
41_3;Marlène MARTIN;Jean-Yves NARQUIN;;Cécile RIVIERE;;Christian Guellier;Maurice LEROY;Patrick CALLU;
42_1;Magalie VIALLON;Philippe CLAUSE;;Corinne OUMAKHLOUF;Régis JUANICO;;Gilles ARTIGUES;Lucas WINIARSKI;
42_2;Jean-Michel MIS;Pascal ARRIGHI;Alexandra RIBEIRO CUSTODIO;Andrée TAURINYA;;Olivier Longeon;;Vanessa PECEL;
42_3;Valéria FAURE-MUNTIAN;Isabelle SURPLY;;Louis CAILLON;Philippe KIZIRIAN;Patricia Simonin-Chaillot;François ROCHEBLOINE;Céline VEAU;
42_4;David KAUFFER;Raphaëlle JEANSON;Dino CINIERI;Léo CHAVAS;;Pascal THOMAS;;Christophe FAVERJON;Patrick MIGNON
42_5;Nathalie SARLES;Sarah BROSSET;Clotilde ROBIN;Véronique RAKOSE-TRUCHET;Brigitte DUMOULIN;Alain Valentin;;Jean-Luc VILLEMAGNE;Karine MAURICE
42_6;Julien BOROWCZYK;Sophie ROBERT;Paul SALEN;Sadia Nadia SEGHIR;;Jean Duverger;;;Marie GONCALVES
43_1;Cécile GALLIEN;Fabien ALBERTINI;Isabelle VALENTIN;Martine DEJEAN;Fabrice FARISON;Anne Babian Lhermet;;;Gabriel CARDAIRE
43_2;Pierre ETEOCLE;Aurore ARNAUD;Jean-Pierre VIGIER;Lionel BOUTON;Josiane MIALON;Marie-Laure Busselot;;Michelle CHAUMET;
44_1;François DE RUGY;Guylène FRIARD;Julien BAINVEL;Sylvie CLABECQ;;Jean-Michel Mezange;;Aymeric SEASSAU;Hippolyte LE ROUTIER
44_2;Valérie OPPELT;Agnès CHRISSEMENT;Sébastien PILARD;Carole MALARD;Alain ROBERT;Pascale Chiron;;;Jean DE MASCUREAU
44_3;Anne-France BRUNET;Eléonore REVEL;Rozenn HAMEL;Martine GOURDON;Karine DANIEL;Judith Leray;;Robin SALECROIX;Chantal DURAND
44_4;Aude AMADOU;Alain AVELLO;;Vincent EGRON;Dominique RAIMBOURG;François Nicolas;Isabelle MERAND;Mireille PERNOT;Elodie CALONNE
44_5;Sarah EL HAÏRY;Arnaud DE RIGNÉ;;Katell ANDROMAQUE;Michel MÉNARD;Franco Fedele;Frederic MAINDRON;Michel LABOUREUR;Solange DALIFARD
44_6;Yves DANIEL;Brigitte NEDELEC;Alain HUNAULT;Brigitte MAILLET;Gérard POISSON;;;;
44_7;Sandrine JOSSO;Doris NOEL;Franck LOUVRIER;Catherine LEGAL;Anne BOYÉ;Yves Coquard;;Véronique MAHÉ;Gaël BOURDEAU
44_8;Audrey DUFEU SCHUBERT;Gauthier BOUCHET;Florence BEUVELET;Lionel DEBRAYE;Laurianne DENIAUD;Fabrice Bazin;;Yvon RENÉVOT;Armelle GUÉNOLÉ
44_9;Yannick HAURY;Jean-Luc JAVEL;Claire HUGUES;Jean Marie COSSON;;Corine Guignard;;Françoise GODARD;Christian BOISTEAU
44_10;Sophie ERRANTE;Jean-Marc BEAUVAIS;Jérôme GUIHO;Gaëlle CHAILLOT;;Brigitte Héridel;René BREVET;Marie-Claude ROBIN;Christophe AUDREN
45_1;Stéphanie RIST;Colette POLTARATSKY;Charles-Eric LEMAIGNEN;Anne-Sophie LEGUIN;Olivier JOUIN;;;Michel RICOUD;Daniel SIMON
45_2;Caroline JANVIER;Nadine BOISGERAULT;Serge GROUARD;Olivier HICTER;;Jean-Philippe Grand;;Mathieu GALLOIS;David VAN HEMELRYCK
45_3;Jihan CHELLY;Charles DE GEVIGNEY;Claude DE GANAY;Kevin MERLOT;;Cedric Petit;;Monique BARRET;
45_4;Mélusine HARLÉ;Ludovic MARCHETTI;Jean-Pierre DOOR;;Jalila GABORET;Massila Salemkour;;Franck DEMAUMONT;Luc BUCHETON
45_5;David SIMONNET;Jeanne BEAULIER;Marianne DUBOIS;Marie AGAM;Thierry STROMBONI;Benoit Varin;;Estelle CALZADA;Frédéric MALMARTEL
45_6;Richard RAMOS;Myriam BACHIR;;Jérôme SCHMITT;Valérie CORRE;Hamid KHOUTOUL;Alexandrine LECLERC;Dominique TRIPET;Bernadette BECK
46_1;Sébastien MAUREL;Emmanuel CRENNE;Aurélien PRADIÉ;Isabelle EYMES;;Mathieu Ebbesen Goudin;;Fanny BEGGIATO;Isabelle DUPRAT
46_2;Huguette TIEGNA;Virginie CASTAGNOL;Roland HUREAUX;Pierre DUFOUR;Vincent LABARTHE;Florence Rouch;Antoine LOREDO;Christian RIBEYROTTE;
47_1;Michel LAUZZANA;Catherine LESNÉ;;Céline BOUSSIÉ;Lucette LOUSTEAU;Maryse Combres;Jean DIONIS DU SEJOUR;Danielle BLASCO;Benoît AURICES
47_2;Alexandre FRESCHI;Hélène LAPORTE;Emilien ROSO;Sylvio GUINGAN;Matthias FEKL;Mathilde Bœuf;;Michel CERUTI;Dalila BENCHELIFF
47_3;Olivier DAMAISIN;Étienne BOUSQUET-CASSAGNE;Jean-Louis COSTES;Rémy GARNIER;Guillaume MOLIERAC;Lionel Feuillas;;Nicolas LUCMARIE;Bernard PIOT
48_1;Francis PALOMBI;Emmanuel GERSTNER;Pierre MOREL A L'HUISSIER;Christian CAUSSE;Aurelie MAILLOLS;Francoise TOLEDANO;;Serge GAYSSOT;Loic MARCHAND
49_1;Matthieu ORPHELIN;Marie BARON;Caroline FEL;Manon CANTIN;Luc BELOT;Romain Laveau;;Valentin BROUILLARD-DUSONG;Géraldine ROBERT
49_2;Stella DUPONT;Valentin BELHADJALI;Maxence HENRY;Tiphaine PRIER;Florence RAYMOND AUGIER;Romain Dolais;Laurent DAMOUR;Alain PAGANO;Jean-Baptiste ROULEAU
49_3;Anne BARRAULT;Patrice LANCIEN;Jean-Charles TAUGOURDEAU;Georges CHABRIER;;Daphné Raveneau;;Patrice DAVIAU;
49_4;Laëtitia SAINT-PAUL;Aymeric MERLAUD;;France MOREAU;Meriem BABA;Christelle Cardet;Éric TOURON;Marie-Loup LELIAS;Patrick DAVIAUD
49_5;Denis MASSEGLIA;Lucie PINEAU;;Kévin CERTENAIS;Jean-Marc VACHER;Franck Loiseau;;Claudie LECUYER;Martine CORDIER
49_6;Nicole DUBRE-CHIRAT;Bernadette DE LA BOURDONNAYE;André MARTIN;Maryline FONTENEAU GRELET;Serge BARDY;;;Pauline EMERY;Thomas CHAMAILLÉ
49_7;Philippe BOLO;Aurore LAHONDÈS;Étienne GLÉMOT;Olivier DUPUIS;Silvia CAMARA-TOMBINI;Hervé Dubosclard;;Stéphanie DUPEYROUX;Stéphanie CHIVERT
50_1;Benoîte NOUET;Franck SIMON;Philippe GOSSELIN;Aurélien MARION;Clémence MAULAT;Jérôme Virlouvet;;Corinne VAUTIER;
50_2;Bertrand SORRE;Marie-Françoise KURDZIEL;Guenhaël HUET;Patrick GRIMBERT;;Sophie Nicklaus;;Miloud MANSOUR;
50_3;Stéphane TRAVERT;Carmen MASSON;Jean-Manuel COUSIN;Bernard REBOLLE;;Laurent Huet;;Chantal TAMBOUR;
50_4;Blaise MISTLER;Jean-Jacques NOËL;Sophie GUYON;Yvonne PECORARO;Arnaud CATHERINE;Jean-Sébastien Hederer;;Valérie VARENNE;
51_1;;Sandrine VIGNOT;Valérie BEAUVAIS;Laure MANESSE;Alexandre TUNC;Marie-Ange Petit;;;Anne-Sophie FRIGOUT
51_2;Aina KURIC;Cindy DEMANGE;Catherine VAUTRIN;Victorien PÂTÉ;Imane MANIANI;Patricia Coradel;;;Daniel MÉNARD
51_3;Éric GIRARDIN;Baptiste PHILIPPO;Rachel PAILLARD;Roland JACQUES;;David Nicanor;;Pierre MARTINET;Jacky BLAVIER
51_4;;Thierry BESSON;Lise MAGNIER;Claudine LANG;Rudy NAMUR;Françoise Brunel;;Dominique VATEL;Sandrine HENRIQUES-GODART
51_5;Bertrand TREPO;Thomas LAVAL;;Laurène MASSICARD;;Françoise DEHUT;Charles DE COURSON;Dominique CHAILLOUX;Estelle ARBOGAST
52_1;Bérangère ABBA;Fabienne CUDEL;Adrien GUENÉ;Ariane WALASZEK;Axel CAUSIN;Patrick Varney;;Patricia PETRONELLI;
52_2;Vincent BERTHET;Frédéric FABRE;François CORNUT-GENTILLE;Daniel MONNIER;Antoine DESFRETIER;Valérie Roffidal;;Edouard GONZALEZ;
53_1;Béatrice MOTTIER;Bruno DE LA MORINIÈRE;Samia SOULTANI-VIGNERON;Nicolas CHOMEL;Guillaume GAROT;Maël Rannou;;Aurélien GUILLOT;Isabelle MAHÉ GENERO
53_2;Géraldine BANNIER;Sylviane DÉGÉ;Guillaume CHEVROLLIER;Emeline RIO;Marie-Noëlle TRIBONDEAU;Françoise Marchand;;Florian DEROUET;Françoise CHIVERT
53_3;Josselin CHOUZY;Monique MORAND;;Léa RAIMBAULT;;Sophie Leterrier;Yannick FAVENNEC;Maud JAN-BRUSSON;Claudine CHARTIER
54_1;Carole GRANDJEAN;Barbara HOFFMANN;;Nordine JOUIRA;Chaynesse KHIROUNI;Eric DAMMAME;Mostafa FOURAR;Marie-Christine BASTIEN;François-Marie L'HUILLIER
54_2;Laurent GARCIA;Grégoire EURY;Valérie DEBORD;Nassima FAÏQ;Hervé FERON;Lionel CHAMBROT;;Bora YILMAZ;Patricia SCHLATER
54_3;Xavier PALUSZKIEWICZ;Céline DOLCEMASCOLO;Mathieu SERVAGI;Patrice ZOLFO;Christian ECKERT;Mikael Agopiantz;;Jean-Marc LEON;Christiane VAUTRIN
54_4;Philippe BUZZI;Dominique BILDE;Thibault BAZIN;Vincent GUENAIRE-DOAZAN;;Marie-Neige Houchard;;;Michel NOISETTE
54_5;Marion BUCHET;Billy WINKENS;Philippe MORENVILLIER;Rodolphe BAUER;Dominique POTIER;Patrick Baranger;;Lauranne WITT;Gilbert CANTERI
54_6;;Cédric MARSOLLE;Lise ROSELEUR;Caroline FIAT;Julien VAILLANT;Stéphane Léonardi;;Eric MONNINI;Dorian MANZOLI
55_1;Diana ANDRÉ;Corinne KAUFMANN;;Guy JEANNESSON;Arnaud MAC FARLANE;Jean-Marc Fleury;Bertrand PANCHER;;Sylvie FRASEZ
55_2;Emilie CARIOU;Eric VILAIN;Pierre REGENT;Michaël CLÉMENT;Jean-Louis DUMONT;Yves DHYVERT;;François-Xavier FRANCESCHINI;
56_1;Hervé PELLOIS;Bertrand IRAGNE;Christine PENHOUET;Céline MENESES;;Pascal Baudont;Odile MONNET;Anita KERVADEC;Jean-François HERVIEU
56_2;;Eric FORDOS;Philippe LE RAY;David JAN;Stéphanie LE SQUER;Didier Coupeau;;Gwenhaëlle LE DÉLÉTER;Pascale MORISS
56_3;Nicole LE PEIH;Sylvie BAUD;Soizic PERRAULT;Marie Madeleine DORÉ-LUCAS;Marie Christine LE MOUËL;Patrick Naizain;Benoît ROLLAND;;Jérôme BOUCHÉ
56_4;Paul MOLAC;Agnès RICHARD;Marie-Hélène HERRY;Cécile BUCHET;;Nathalie Landriau-Berhault;;;David CABAS
56_5;Gwendal ROUILLARD;Christian MOUTON;David DRÉGOIRE;Alexandre SCHEUER;;Damien Girard;Teaki DUPONT;Delphine ALEXANDRE;
56_6;Jean-Michel JACQUES;Yvan CHICHERY;Anne Maud GOUJON;David GUILLEMET;;;Gwenn LE NAY;;Joël LE GUELLEC
57_1;Belkhir BELHADDAD;Laurence BURG;Marie-Louise KUNTZ;Narjès CHOUIKHA;Aurélie FILIPPETTI;Corinne MORGEN;Marie TRIBOUT;Thomas CALLIGARO;
57_2;Ludovic MENDES;Marie-Claude VOINÇON;Jean FRANÇOIS;Claudine POIRSON;Jean-Michel TOULOUZE;Marie-Pierre Comte;Nathalie COLIN-OESTERLÉ;Irma VOLLMER;
57_3;Richard LIOGER;Françoise GROLET;Marie-Jo ZIMMERMANN;Denis MACIAZEK;Nathalie DE OLIVEIRA;Mathias Boquet;Chrisitne SINGER;Marie MARECHAL;
57_4;Mathilde HUCHOT;Amélie DE LA ROCHÈRE;Fabien DI FILIPPO;Catherine GROSSE;Rémy HAMANT;Brigitte Albertus;;Hélène GIRARDOT;Didier CONTE
57_5;Nicole GRIES-TRISSE;Pascal JENFT;Céleste LETT;Brigitte BLANG;Angèle DUFFLO;Elisabeth Parachini;David SUCK;Bernadette HILPERT;Solenne SCHAFF
57_6;Christophe AREND;Florian PHILIPPOT;Pierre LANG;Jonathan OUTOMURO;Jean-Christophe KINNEL;Chantal Mary;;Nicolas WALCZAK;
57_7;Hélène ZANNIER;Kévin PFEFFER;;Kathia DONATÉ;Paola ZANETTI;Martine Jung;André WOJCIECHOWSKI;;
57_8;Brahim HAMMOUCHE;Hervé HOFF;Eliane ASSIOMA-COSTA;Lionel BURRIELLO;Peggy MAZZERO-BECKER;Pascal Didier;;Patrick PERON;Bernadette MECKES
57_9;Isabelle RAUCH;Emilie MATZ;Pauline LAPOINTE-ZORDAN;Jean-Luc PIERRÉ;Brigitte VAÏSSE;Guy Harau;;Anne RICHARD;Carole LELIEVRE-CHRISTIANY
58_1;Perrine GOULET;Pauline VIGNERON;;Marie-Claude TAUREL;Gaëtan GORCE;Sylvie Dupart-Muzerelle  ;Guillaume MAILLARD;François DIOT;Jean-Louis AUBERGET
58_2;Patrice PERROT;Harold BLANOT;Annie LEGRAIN;Marie-Anne GUILLEMAIN;Christian PAUL;Gilbert Champagne;;Monique CHOQUEL;Patrick VANHERSECKE
59_1;Christophe ITIER;Eric DILLIES;;Adrien QUATENNENS;François LAMY;Anne Mikolajczak;Nicolas LEBAS;Hugo VANDAMME;
59_2;Houmria BERRADA;Véronique DESCAMPS;Florence BARISEAU;Ugo BERNALICIS;Audrey LINKENHELD;Hélène Hardy;;Romain LECLERCQ;
59_3;Christophe DI POMPEO;Sylvie GODDYN;;Aurélien MOTTE;Rémi PAUVROS;Franck Lesueur-Bonte;Alain POYART;Patrick VILTART;
59_4;Brigitte LISO;Julien FRANQUET;Jacques HOUSSIN;Jean-Pierre HOUBRON;Philippe HARQUET;Stéphane Baly;;Pierre-Yves PIRA;Christine TAVERNIER
59_5;Guillaume DEKONINCK;Victor CATTEAU;Sébastien HUYGHE;Lucile CAPLIER;Aude LEDUC;Yannick Brohard;;Françoise DUMEZ;Guillaume LEVECQ
59_6;Charlotte LECOCQ;Eric CATTELIN-DENU;Thierry LAZARO;Amandine FOUILLARD;;Maryse Faber-Rossi;;Nadine SAVARY-CANTELOUP;
59_7;Arnaud VERSPIEREN;Françoise COOLZAET;;Yann MERLEVEDE;Hélène VIARD;Karima Chouia;Francis VERCAMER;;
59_8;Catherine OSSON;Astrid LEPLAT;Léonard DELCOURT;Paul ZILMIA;Mehdi MASSROUR;Chritian Carlier;;;Sandrine VANHOORDE
59_9;Valérie PETIT;Valérie TALPAERT;Bernard GERARD;Céleste VAN ISTERDAEL;;Sandrine Rousseau;;Martine ROUSSEL-VANHÉE;Jean-Luc LANDRU
59_10;Sophie TAÏEB;Virginie ROSEZ;Vincent LEDOUX;Adélie CORMONT;Yasmina CHIGRI;Olivier Descamps;;Jocelyne LEFEBVRE;Frédéric DEBRUYNE
59_11;Laurent PIETRASZEWSKI;Nathalie ACS;Karine CHARBONNIER;Sébastien POLVECHE;Roger VICOT;Lise Daleux;;Arnaud MARIÉ;Christophe DEVLIEGHER
59_12;Anne Laure CATTELOT;Gérard PHILIPPE;Marjorie GOSSELET;Laurent COURTOIS;;Elisabeth Saint-Guily;;Jean DURIEUX;
59_13;Sarah ROBIN;Philippe EYMERY;;Elio BERTE-LANGEREAU;;Virginie Henocq;Mickaëlle LEFÈVRE;Delphine CASTELLI;
59_14;Julien LEMAITTE;Jean-Paul TISSERAND;Paul CHRISTOPHE;Delphine DECOSTER;Christian DEVOS;Myriam Santhune;;Nathalie BENALLA;
59_15;Jennifer DE TEMMERMAN;Pascal PRINCE;Jean-Pierre BATAILLE;Hervé WALRAEVE;Michel LABITTE;Guillaume Fache;Bruno FICHEUX;;
59_16;Chantal RYBAK;Hortense DE MEREUIL;Nacéra SOLTANI;;Frédéric DELANNOY;Philippe Bernard;;Alain BRUNEEL;
59_17;Dimitri HOUBRON;Thibaut FRANCOIS;Frédéric NIHOUS;François GUIFFARD;Agnès DUPUIS;Lucile Wacheux;;Charles BEAUCHAMP;
59_18;Claire POMMEYROL-BURLET;Mélanie DISDIER;;Thérèse-Marie CARDON;;Thomas Fremond;Guy BRICOUT;;Rosella MILOT
59_19;Sabine HEBBAR;Sébastien CHENU;Olivier CAPRON;Julien POIX;Anne-Lise DUFOUR-TONINI;Xavier Blottière;;Pascal JEAN;
59_20;Daniel ZIELINSKI;Ludovic DE DANNE;;David RICHER;;Frédéric Bigot;David BUSTIN;Fabien ROUSSEL;
59_21;;Valérie CAUDRON;;Ophélie TRICOT;Christine LAURENT;Pauline Pottier;Béatrice DESCAMPS;Patrick KOLEBACKI;
60_1;Denis FLOUR;Claire MARAIS-BEUIL;Olivier DASSAULT;Fabien NAVES;;Richard HEIM;;Thierry AURY;Nathalie HÉNOUX-DESHAYES
60_2;Agnès THILL;Gaëtan DUSSAUSAYE;Alexis MANCEL;Philippe VIROLLE;;Jacqueline Fontaine;;Marie LE GLOU;Roland GUILLAUX
60_3;Pascal BOIS;Philippe MURER;Frédérique LEBLANC;Karine MONSÉGU;Johann LUCAS;Mounia TANTAN;;Karim BOUKHACHBA;Jean-Marc GATEAU
60_4;Stéphanie LOZANO;Mylène TROSZCZYNSKI;Eric WOERTH;Martin BATTAGLIA;;Martine Bernard;;Caroline BREBANT;Anne SÉBIRE
60_5;Emmanuelle BOUR;François GACHIGNARD;Pierre VATIN;Laurent GRENIER;Bertrand BRASSENS;Luc Blanchard;;Hélène MASURE;Augusto FERNANDES
60_6;Carole BUREAU-BONNARD;Michel GUINIOT;Eric DE VALROGER;Géraldine MINET;;Caroline Marzuchetti;;Patrice CARVALHO;Véronique ROGEZ
60_7;Jean-François DARDENNE;Philippe LAMBILLIOTTE;Maxime MINOT;Marie-Laure DARRIGADE;Alexandre OUIZILLE;;;Marie-France BOUTROUE;Marc MOUILLESEAUX
61_1;;Raymond HERBRETEAU;Bertrand DENIAUD;Martine HAMEL;Joaquim PUEYO;Isabelle Robert;;François TOLLOT;Claudine PROD'HOMME
61_2;Ophélie LEROUGE;Francine LAVANRY;Véronique LOUWAGIE;Jean-Claude MARIE;Serge DELAVALLÉE;Pierre Ristic;;;Philippe CAMUS
61_3;Isabelle BOSCHER;Katia FRÉMONT;Jérôme NURY;Clément BUJARRABAL;;Corinne Malignac;;Jean CHATELAIS;Pierre LATEUX
62_1;Bruno DUVERGÉ;Agnès CAUDRON;Michel PETIT;Gabriel BERTEIN;Jean-Jacques COTTEL;Sylvie Joniaux;;Maryse MASSART;Arnaud CUGIER
62_2;Jacqueline MAQUET;Alban HEUSELE;;Caroline DELPLACE;Antoine DÉTOURNÉ;Laure Olivier;Alexandre MALFAIT;Leïla DUTAILLY;Véronique LOIR
62_3;Patrick DEBRUYNE;José EVRARD;Sabine BANACH-FINEZ;Djordje KUZMANOVIC;Frédérique MASSON;Jamel Oufqir;;Jean-Marc TELLIER;
62_4;Thibaut GUILLUY;Benoit DOLLE;Daniel FASQUELLE;Anaïs ALLIOT;Blandine DRAIN;Martine Minne;;;
62_5;Jean-Pierre PONT;Antoine GOLLIOT;Fabienne CHOCHOIS;Alain BERTHAULT;Mireille HINGREZ-CÉRÉDA;Cindy Pacques;;David GOBE;
62_6;Brigitte BOURGUIGNON;Marie-Christine BOURGEOIS;Jean-Michel TACCOEN;Nadine DEMAREY;;Charlotte Talpaert;;Patricia DUVIEUBOURG;Claudine BLAUWART
62_7;Dominique PIEDFORT;Philippe OLIVIER;Pierre-Henri DUMONT;Anne-Sophie LIGNIERT;Yann CAPET;Francis Gest;;Jacky HENIN;Sébastien LECOUSTRE
62_8;Benoit POTTERIE;Karine HAVERLANT;;Casimir LETELLIER;Bertrand PETIT;Florian Quèze;Muriel VOLLE;Rene HOCQ;
62_9;Marguerite DEPREZ-AUDEBERT;Jacques DELAIRE;Pierre-Emmanuel GIBSON;Bruno DUBOUT;;Marie-Andrée Queste;;Bruno WESTRELIN;Sebastien HOCHART
62_10;Laurence DESCHANEL;Ludovic PAJOT;Nesrédine RAMDANI;Gauthier JANKOWSKI;Bernard CAILLIAU;Lisette Sudic;;Ludovic GUYOT;
62_11;Anne ROQUET;Marine LE PEN;Alexandrine PINTUS;Jean-Pierre CARPENTIER;Philippe KEMEL;Marine Tondelier;;Hervé POLY;Betty LECLERCQ
62_12;Coralie REMBERT;Bruno BILDE;Caroline MELONI;Grégory FRACKOWIAK;Laurent DUPORGE;Daniel Ludwikowski;;Christian CHAMPIRE;Jean-Michel ANDREAU
63_1;Valérie THOMAS;Anne BISCOS;Maxime VERGNAULT;Alain LAFFONT;Cécile AUDET;Damien FOLIO;;Cyril CINEUX;Antoine RECHAGNEUX
63_2;Mohand HAMOUMOU;Stanislas CHAVELET;Stéphanie FLORI-DUTOUR;Pascal ESTIER;Christine PIRÈS BEAUNE;;;;Doris VALOUR
63_3;Laurence VICHNIEVSKY;Anne-Marie CARTA;Christophe SERRE;Marc CHOVIN;;Nicolas Bonnet;Louis GISCARD D'ESTAING;Christine THOMAS;Corinne NEVEUX
63_4;Michel FANGET;Sylwia POWARUNAS;Bertrand BARRAUD;Catherine MOLLET;Sylvie MAISONNET;Jean Baptiste Pegeon;Hervé PRONONCE;Catherine FROMAGE;Maximilien MARTINS
63_5;Sébastien GARDETTE;Jérôme JAYET;Myriam FOUGÈRE;Sara PERRET;Gérard BETENFELD;Claire Lespagnol;Florence DINOUARD;André CHASSAIGNE;Jérémy PRÉVOST
64_1;Josy POUEYTO;Claudie CHEYROUX;Pauline ROY;Séverine GHEDJATI;Jérôme MARBOT;;;Olivier DARTIGOLLES;Philippe KROMPHOLTZ
64_2;Jean-Paul MATTEI;Joseph DAMOUR;Eric SAUBATTE;Thierry MOUTOU;Nathalie CHABANNE;Hélèna Timmer Blanchard;;;
64_3;Michel BERNOS;Lucinda CARVALHO;Pierre SAULNIER;Eric LYTWYN;David HABIB;Eric PETETIN;Bernard DUPONT;Isabelle LARROUY;
64_4;Loïc CORRÉGÉ;Gilles HUSTAIX;Marc OXIBAR;Didier BAYENS;Bernard UTHURRY;Véronique Zenoni;Laurent INCHAUSPÉ;Robert BAREILLE;Véronique DAZORD
64_5;Florence LASSERRE-DAVID;Jean-Michel IRATCHET;Caroline OUSTALET;Jérémy FARGE;Colette CAPDEVIELLE;Thibault Pathias;Yves UGALDE;Marie José RIVAS;Pascal LESELLIER
64_6;Vincent BRU;Sylviane LOPEZ;Maider AROSTEGUY;Christine LABROUSSE;Sylviane ALAUX;Sophie Bussière;Stéphane ALVAREZ;Dominique MÉLÉ;
65_1;Jean-Bernard SEMPASTOUS;Geneviève COMONT;;Sylvie FERRER;Jean GLAVANY;Henri Lourdou;;Philippe LACOUME;Habib LABED
65_2;Marie-Agnès STARICKY;Olivier MONTEIL;Clément MENET;Charles ROCHETEAU;;Cécile Bourdeu d’Aguerre;;Marie-Pierre VIEU;Pauline BACH-LAPIZE
66_1;Romain GRAU;Alexandre BOLO;Daniel MACH;Alain MIH;;Jean Codognès;;Françoise FITER;Philippe SYMPHORIEN
66_2;Christine ESPERT;Louis ALIOT;Fernand SIRÉ;Catherine DAVID;Marie-Pierre SADOURNY;Dominique LABIS;;Pascal EGIDO;Solange RODIER
66_3;Laurence GAYTE;Sandrine DOGOR;Danièle PAGÈS;Philippe ASSENS;Ségolène NEUVILLE;Roland SCARAMOZZINO;;Léa TYTECA;Patricia ROGET
66_4;Sébastien CAZENOVE;Stéphane MASSANELL;Jacqueline IRLES;Dominique GUÉRIN;Alexandre REYNAL;Franck Huette;;Nicolas GARCIA;Gisèle MOURAGUES
67_1;Thierry MICHELS;Andréa DIDELOT;Elsa SCHALCK;Jean-Marie BROM;Eric ELKOUBY;Abdelkarim Ramdane;;Hülliya TURAN;
67_2;Sylvain WASERMAN;Julia ABRAHAM;;Christine KAIDI;Philippe BIES;Leyla Binici;Pascale JURDANT-PFEIFFER;Marie-Pierre PONPON;
67_3;Bruno STUDER;Diana GARNIER-LANG;Georges SCHULER;Floriane DUPRÉ;Serge OEHLER;Christelle Syllas;;Antoine SPLET;Lucienne ANTHIAUME
67_4;Martine WONNER;Thibault MANTEAUX;Sophie ROHFRITSCH;Albert SCHWARTZ;;Nathalie Palmier;;Yasmina CHADLI;Eric MOUY
67_5;;Eliane KLEIN;Antoine HERTH;Janig TERRIER;;Caroline Reys;;Christine ROMANUS;Christine BECCARI
67_6;Guy SALOMON;Hombeline DU PARC;Laurent FURST;Denis GADOT;Martin EFFENBERGER;Alexandre Gonçalves;;Odile AGRAFEIL;Sara CHABAANE
67_7;Antoinette DE SANTIS;Virginie JORON;Patrick HETZEL;Peter ANDERSEN;;Sandrine Lombard;;Bénédicte HERRGOTT;Pascale ELLES
67_8;Christian GLIECH;Gérard JANUS;Frédéric REISS;Manuel MENETRIER;Ambroise PERRIN;Gisèle SCHNEIDER;;Pascal PREVOST-BOURE;Pierre-Henri EISENSCHMIDT
67_9;Vincent THIEBAUT;Laurent GNAEDIG;Etienne WOLF;Leilla WITZMANN;Hamid FILALI;Françoise WERCKMANN;Vanessa WAGNER;Jean-Marc CLAUS;Guillaume BOSSHARDT
68_1;Stéphanie VILLEMIN;Marie-Hélène DE LACOSTE LAREYMONDIE;Eric STRAUMANN;Didier OTTERMANN;;Frédéric Hilbert;;Régine MARIAGE;Sabrina BLONDÉ
68_2;Hubert OTT;Grégory STICH;Jacques CATTIN;Christelle MILLET;;Laurent Dreyfus;;Jérôme FUKAS;Denise FAVREL
68_3;Patrick STRIBY;Katia DI LEONARDO;Jean-Luc REITZER;Marianne BERÇOT;;Antoine WAECHTER;;;Jean-Michel MONTEILLET
68_4;Aurélie TACQUARD;Alain FAVALETTO;Raphaël SCHELLENBERGER;Gabriel WEISSER;;Michel Knoerr;Cyrille AST;Nadia PETER-LANTZ;
68_5;Cécile LEHR;Christelle RITZ;;Geneviève ENGGASSER;Abdellatif TIMDOUINE;Florence Peter;;Bertrand GROSZ;Pascal TSCHAEN
68_6;Bruno FUCHS;Sylvain MARCELLI;;Philippe DUFFAU;Pierre PARRA;Ralph WICKY;Francis HILLMEYER;Christophe POUYSEGUR;Caroline WIDLOECHER-REYMANN
69_1;;Tiffany JONCOUR;Anne LORNE;Elliott AUBIN;;Bertrand Artigny;Isabelle VIGNON;Julien GIRAUDO;Maguy GIRERD
69_2;Hubert JULIEN-LAFERRIERE;David TABELLION;Laurence BALAS;Eleni FERLET;;Rémi Zinck;Denis BROLIQUIER;;Aurore MONTAUBAN
69_3;Jean-Louis TOURAINE;Michel DULAC;Nora BERRA;Pascal LE BRUN;;Fanny Dubot;Christophe GEOURJON;Fanny LUCIUS;Corinne FERRETTI
69_4;Anne BRUGNERA;Edith GODECKE;Dominique NACHURY;Anne FONTENILLE;;Véronique Dubois-Bertrand;;Cécile CHARLES;Isabelle FOUCAULT
69_5;Blandine BROCARD;Cécile BÈNE;Philippe COCHET;Céline BERNARDI;;Jérôme Trotignon;;Véronique CHIAVAZZA;Ludivine CAPPEAU
69_6;Bruno BONNELL;Stéphane PONCET;Emmanuelle HAZIZA;Laurent LEGENDRE;Najat VALLAUD-BELKACEM;Béatrice Vessiller;;Mathieu SOARES;André DUBOIS
69_7;Anissa KHEDHER;Jean-Marie NICOLAS;Alexandre VINCENDET;Andréa KOTARAC;Renaud GAUQUELIN;Pierre Didier Tchetche-Apea;;Paul BOGHOSSIAN;Daniel ALBOUT
69_8;Joëlle TERROIR;Pierre TERRAIL;Patrice VERCHÈRE;Fabien DE MARCHI;;Bénédicte Hominal;;Gisèle BISSAY;Guy CAPPEAU
69_9;Marion CROIZEAU;Christophe BOUDOT;Bernard PERRUT;Teresa CACI;;Brigitte Ealet;;Etienne ALLOMBERT;Jean-Michel DHIMOÏLA
69_10;Thomas GASSILLOUD;Agnès MARION;Sophie CRUZ;Olivier DAUDÉ;;Victor Fornito;;Frédérique GALLIEN;Gerbert RAMBAUD
69_11;Jean-Luc FUGIT;Antoine MELLIES;Georges FENECH;Christine VALENTIN;Jules JOASSARD;Jérôme Bub;;Raymond COMBAZ;Philippe BADOIL
69_12;Cyrille ISAAC-SIBILLE;Muriel COATIVY;Jérôme MOROGE;Eloi NAVARRO;David CHIZAT;Hélène Dromain;;Bertrand MANTELET;Fabrice SANZ
69_13;Danièle CAZARIAN;Sandrine LIGOUT;Philippe MEUNIER;Roland PACAUD;Françoise BERGAME;Axel Marin;;Bernard AUGIER;Nathalie D'EYSSAUTIER
69_14;Yves BLEIN;Damien MONCHAU;;Benjamin NIVARD;;Véronique Giromagny;Maurice IACOVELLA;Michèle PICARD;Franck MULLER
70_1;Barbara BESSOT BALLOT;Léonie CUGNOT;Dimitri DOUSSOT;François FROIDUROT;Laurent RICARD;Corinne Guyonnet;;Cyril MORLOT;Marc MANTOVANI
70_2;Christophe LEJEUNE;Maurice MONNIER;Isabelle GEHIN;Isabelle HAISMANN-FEBVAY;;Marie-Claire Thomas;;Quentin HAFEKOST;Patrick ADAM
71_1;Benjamin DIRX;Nicole CABOCHE;Jean-Patrick COURTOIS;Patricia BACI;Catherine N'DIAYE;Claire Mallard;;Céline VINAUGER;Armand ROY
71_2;Vincent CHAUVET;Antoine CHUDZIK;Josiane CORNELOUP;;;Dominique Cornet;;Philippe BONNOT;Eric NEVERS
71_3;Rémy REBEYROTTE;Quentin BIJARD;Charles LANDRE;Pierre ACEITUNO;Philippe BAUMEL;Pierre-Etienne Graffard;;Serge DESBROSSES;France ROBERT
71_4;Catherine GABRELLE;Maxime THIÉBAUT;Stéphane GROS;Michèle CHAMBON;Cécile UNTERMAIER;Marie-Claude Colin;;Sandrine BERNADAT;Christiane LEMIÈRE
71_5;Raphaël GAUVAIN;Nathalie SZYCH;Gilles PLATRET;Eric RIBOULET;Christophe SIRUGUE;François Lotteau;;Nathalie VERMOREL;Samuel BRANDILY
72_1;Damien PICHEREAU;Marie GENEVREY;Christelle MORANÇAIS;Loïc MORISOT;Françoise DUBOIS;Isabelle Sévère;;;Philippe CORDIER
72_2;Aurélie PEROT;Pascal NICOT;;Matthias TAVEL;Marietta KARAMANLI;Elisabeth Sesma;Samuel CHEVALLIER;Saïda SAFIR;Eric TROCHON
72_3;Pascale FONTENEL-PERSONNE;Pascal GANNAT;Béatrice PAVY-MORANÇAIS;Barbara FOSSAERT;Nicolas CHAUVIN;Dominique Trichet-Allaire;;;David BONNETIER
72_4;;Catherine TRAHTENBROIT;Emmanuel FRANCO;Pascale FROMENTIERE;Stéphane LE FOLL;Alexis Braud;;Youssef BEN AMAR;Isabelle CAMARROQUE
72_5;Willy COLIN;Eric DE VILMAREST;Jean-Carles GRELIER;Luc-Marie FABUREL;Samuel CADEAU;Sophie Bringuy;;Vincent PETIT;Cécile BAYLE DE JESSÉ
73_1;Typhanie DEGOIS;Jean-Pierre CHAUVEAU;Dominique DORD;Thierry BONNAMOUR;Fatiha BRUNETTI;Frédéric EXERTIER;;;
73_2;;Jean-Marie GARCIN;Vincent ROLLAND;Viviane NOGUES;;Yves Durieux;;Nataline CHAREYRON;Elvire BLANC
73_3;Philip VIVIER;Marie DAUCHY;Emilie BONNIVARD;Alexandre ROUX;;Ghislaine SOCQUET-JUGLARD;;Laetitia MIMOUN;Vincent THOMAZO
73_4;Patrick MIGNOLA;Isabelle FÉTU;Alexandra TURNAR;Tiphaine DUCHARNE;;Yves Peutot;Christelle FAVETTA-SIEYES;Antoine FATIGA;
74_1;Véronique RIOTTON;Brigitte THIERY-AUDUBERT;Annabel ANDRE-LAURENT;Julian AUGÉ;Christophe PONCET;Jean-Jacques Bouchet;;Michel LOMBART;François ENCRENAZ
74_2;Frédérique LARDET;Vincent LECAILLON;Lionel TARDY;Yann BURGUIERE;Ghislain LA SPISA;Jeanie Tremblay;;Loris FONTANA;
74_3;Guillaume GIBOUIN;Nathalie GENAND;Martial SADDIER;Jacques CAMBON;;Annie Collinet;;;
74_4;Laura DEVIN;Wenceslas LIARD;Virginie DUBY-MULLER;Michèle KOBUS;Anne FAVRELLE;Catherine Walthert Selosse;;Annie ANSELME;Mylène CLAUSIER
74_5;Marion LENNE;Anne-Francoise ABADIE PARISI;Patricia MAHUT;Marin DAURIAT;Jean-Baptiste BAUD;;;Gil THOMAS;Louis POLESE
74_6;Xavier ROSEREN;Karam AOUN;Sophie DION;Sylvie BRIANCEAU;;Jacques Venjean;;;Amélie SARLIN
75_1;Sylvain MAILLARD;Guylaine COEFFIER;Jean-François LEGARET;Patrick COMOY;Pauline VÉRON;Victoria Barigant;;Sylvie BAYLE;Christophe TAVERNIER
75_2;Gilles LE GENDRE;Manon BOUQUIN;Nathalie KOSCIUSKO-MORIZET;Anne-Françoise PRUNIÈRES;Marine ROSSET;Gilles Seignan;;Lorraine QUESTIAUX;Jan-Edouard BRUNIE
75_3;Stanislas GUERINI;Aurélien LEGRAND;;Laurent LEVARD;Annick LEPETIT;Adrien Delassus;Valérie NAHMIAS;Nadine MEZENCE;François GIORDANO
75_4;Ilana CICUREL;Ève FROGER;Brigitte KUSTER;Mélanie MONIER;Fabrice DASSIE;Hanna Clairière;;Fabienne DOS SANTOS;Nadejda SILANINA
75_5;Benjamin GRIVEAUX;Marie FONTAINE;Déborah PAWLIK;Layla YAKOUB;Seybah DAGOMA;Julien Bayou;;Didier LE RESTE;
75_6;Pierre PERSON;Guy DEBALLE;;Danielle SIMONNET;;Cécile Duflot;Hélène HAUTVAL;Adrien TIBERTI;
75_7;Pacôme RUPIN;Isabelle COCHARD;Vincent ROGER;Jean-Charles LALLEMAND;Patrick BLOCHE;Corinne Faugeron;;Nicolas BONNET-OULALDJ;Caroline DUEZ
75_8;Laetitia AVIA;Renée-Michelle THIMOTTE;Valérie MONTANDON;Clément BONY;Sandrine MAZETIER;Emmanuelle Pierre-Marie;;Marianne JOURNIAC;Anastasia MARIE
75_9;Buon TAN;Corinne BERTHAUD;Laure ESQUIEU;Raphaël QNOUCH;Martin LAGANE;Claire Monod;Elisabeth STIBBE;Jean-Noël AQUA;Cendrine CHEREIL DE LA RIVIÈRE
75_10;Anne-Christine LANG;Thiphaine LÉOST;Sandrine RICHARD;Leïla CHAIBI;Ryadh SALLEM;Sybille Bernard;Alexandre KADUR;Maxime COCHARD;Isabelle MARTIN
75_11;Marielle DE SARNEZ;Elisabeth BASTON;Francis SZPINER;Jean-Pierre COULOMB;Pascal CHERKI;Florentin Letissier;Jean-Roch SERGENT;Anissa GHAIDI;François DE GRAILLY
75_12;Olivia GREGOIRE;Agnès PAGEARD;Philippe GOUJON;Patrick LEFRANÇOIS;Florian SITBON;France Talandier;;Isabelle MATHURIN;Dominique MAHÉ
75_13;Hugues RENSON;Wallerand DE SAINT JUST;Jean-François LAMOUR;Magalhy BERTO;Naza CHIFFERT;Thibaut Bragé;;Laurence PATRICE;Marion RACANIERE
75_14;Valérie BOUGAULT-DELAGE;Armelle GOASGUEN;Claude GOASGUEN;Alexandra MOUTON;Pierre-Alain WEILL;Rémi Lété;;Flore MADELIN;Xavier LOUY
75_15;;Christophe VERSINI;Atanase PÉRIFAN;Mehdi KEMOUNE;George PAU-LANGEVIN;Antoinette Guhl;;Jacques BAUDRIER;Didier CHABAILLÉ
75_16;Mounir MAHJOUBI;Michel BULTÉ;Anne-Constance ONGHENA;Sarah LEGRAIN;Jean-Christophe CAMBADELIS;Dan Lert;Mériam BOUSSEBSI;Sergio TINTI;Danièle HOLLAND
75_17;Béatrice FAILLÉS;Vanessa LANCELOT;Babette DE ROZIÈRES;Danièle OBONO;Colombe BROSSEL;Douchka Markovic;;Ian BROSSAT;
75_18;;Annie LAVENIER;Pierre-Yves BOURNAZEL;Paul VANNIER;Myriam EL KHOMRI;Caroline de Haas;;;Alena AVERIYANOVA
76_1;Damien ADAM;Claire PRADEL;Jean-François BURES;Lionel DESCAMPS;Valérie FOURNEYRON;Véronique Bérégovoy;;;Christophe LEVASSEUR
76_2;Annie VIDAL;Gilles PATITUCCI;Françoise GUEGOT;Alain NINAUVE;Jacques-Antoine PHILIPPE;Renaud THERON;;Florence DEMISELLE;Éric LAMBERT
76_3;Cyrille GRENOT;Guillaume PENNELLE;Jonas HADDAD;;Luce PANE;Jemâa SAAD-BAKOUCHE;;Hubert WULFRANC;Nadine JAZÉ
76_4;Sira SYLLA;Nicolas GOURY;Marie-Hélène ROUX;Laura THIEBLEMONT;Guillaume BACHELAY;David Cormand;;Patrice DUPRAY;Armelle BOUILLÉ
76_5;;Bénédicte LE MOËL;Jean DELALANDRE;Myriam MULOT;Christophe BOUILLON;Christophe Manchon;;;
76_6;Philippe DUFOUR;Nicolas BAY;;;Marie LE VERN;;Blandine LEFEBVRE;Sébastien JUMEL;
76_7;;Stéphanie FERRAND;Agnès FIRMIN LE BODO;Gérald MANIABLE;Matthieu BRASSE;Alexis Deck;;Baptiste BAUZA;Corinne LEVILLAIN
76_8;Béatrice DELAMOTTE;Damien LENOIR;Sébastien TASSERIE;François PANCHOUT;Catherine TROALLIC;Joséphine Landormi;;Jean-Paul LECOQ;
76_9;Stéphanie KERBARH;Geneviève SALVISBERG;;Rachid CHEBLI;Estelle GRELIER;Thierry Lecerf;Didier PERALTA;Céline BRULIN;Patrick BUCOURT
76_10;Xavier BATUT;Stacy BLONDEL;Charles D'ANJOU;Anne LECOQ-CHERBLANC;Jean-Pierre THEVENOT;Annette Roussel;;Isabelle DUJARDIN;Frédéric MAZIER
77_1;Aude LUQUET;Stéfanie CONIGLIO;Denis JULLEMIER;Bénédicte MONVILLE;Nicolas ALIX;;;Yves REMY;Léa HUGUET
77_2;Estelle ROUSSEAU;Marie GARCIA;Valérie LACROUTE;Renaud HAMARD;;Rose De La Fuente;;David ALLAERT;Jean-Marc CHAMPNIERS
77_3;;Aymeric DUROX;;Agnès ERDEMSEL;Marie-Laure FAGES;Rosa Lacerda;Yves JEGO;Virginie MASSON;Stéfan MILOSEVIC
77_4;Emmanuel MARCADET;Pierre CHERRIER;Christian JACOB;Julie GARNIER-MARTINEZ;Olivier HUSSON;Quentin Picquenot;;Christian NAIL;Guy FRANCOIS
77_5;;Joffrey BOLLÉE;Franck RIESTER;Mounia CHARAF;;Franck BRACQUEMART;;Jean-Paul CADEDDU;Martial MORELLE
77_6;Laëtitia MARTIG-DECÈS;Béatrice ROULLAUD;Jean-François PARIGI;Valérie DELAGE;Martial SOUVERAIN;Séverine Leclercq;;Coralie JOBELIN;Vincent MORELLE
77_7;Rodrigue KOKOUENDO;Béatrice TROUSSARD;Yves ALBARELLO;Grégory JURADO;Stéphane JABUT;Farid Djabali;;Marianne MARGATÉ;Rose-Marie HUGUET
77_8;Jean-Michel FAUVERGUE;Josette BLESSON;Chantal BRUNEL;Julia KILLIAN;Eduardo RIHAN CYPEL;Sabrina Seghiri;;Flora DOMINGUES;Jacqueline LEVY
77_9;Michèle PEYRON;Pascal FIANDRIN;Guy GEOFFROY;Delphine HEUCLIN;Monique DELESSARD;Fernande Trezentos Oliveira;;Elsa MARTIN;Pascal ROBERT
77_10;Stéphanie DO;Véronique FORNILLI-RATA;Olivier DE SOUSA;Maxime LAISNEY;Juliette MÉADEL;Pascal Vesvre;Céline NETTHAVONGS;Frank MOULY;Raphaël GILARD
77_11;Amandine RUBINELLI;Jean-Marie LAUNAY;Natacha BEDHIAF;Daniel ALLIOUX;Olivier FAURE;Jean Marc GOVERNATORI;;;Evelyne MARQUE GRAS
78_1;Didier BAICHÈRE;Thierry PEREZ;François-Xavier BELLAMY;Thibaut MARCHAL;Charlotte ROSSETTINI;Olivier Pareja;;Geneviève KUJAWSKI;Emmanuel BOJAN
78_2;Jean-Noël BARROT;Yasmine BENZELMAT;Pascal THEVENOT;Marc SORIANO;;Tanguy Ruellan;;;Françoise FOREL
78_3;Béatrice PIRON;Stéphanie DE GONNEVILLE;Philippe BRILLAULT;Alexandre LANGLOIS;Nicolas HUE;Stéphane GALARDINI;;;Thibault TOURNIER
78_4;Marie LEBEC;Marie-Jo RENAUDIN;Ghislain FOURNIER;Faustine HUET;Monika BELALA;Marie-Françoise D'Arras;;Olivier MEGRET;Claire COUEIGNAS
78_5;Yaël BRAUN-PIVET;Laurence TOULEMONDE;Jacques MYARD;Sophie THEVENET;;Jean-Philippe MARS;;Roger AUDROIN;
78_6;Natalia POUZYREFF;Didier ROUXEL;Pierre MORANGE;Nelly PASCAUD;;;;Josiane DUPÉ-SUAREZ;Denise COLLACHOT
78_7;Michèle DE VAUCOULEURS;Victoria KOSTIAEVA;;Paul DEBOUTIN;;Ghislaine Senée;Arnaud RICHARD;Nicole PRADIER;Sandrine FERAUD
78_8;Khadija MOUDNIB;François SIMÉONI;Michel VIALAY;Romain CARBONNE;Françoise DESCAMPS-CROSNIER;Esther KOOIMAN;;Eric ROULOT;Michael TAVERNE
78_9;Bruno MILLIENNE;Emmanuel NORBERT-COUADE;Jean-Marie TETART;Guillaume QUINTIN;Ali MOHAMMAD;Salah Anouar;;Thibaud DE FLEURY;Marie-France LAVENNE-REYNAERT
78_10;Aurore BERGÉ;François LE HOT;;Benjamin NICOLETTA;Jean-Claude HUSSON;David Jutier;;Corinne AURIBAULT;Joël BOCHE
78_11;Nadia HAÏ;Mathilde ANDROUËT;Jean-Michel FOURGOUS;Mathurin LÉVIS;Benoît HAMON;;;Luc MISEREY;Sylvia CANTALUPPI
78_12;Florence GRANJUS;Jean-Luc GALLAIS;David DOUILLET;Antoine BARO;Marie-Noëlle BAS;Patricia Charton;;Françoise PINSON;Fabien MÉTAIS
79_1;Guillaume CHICHE;Martine GENDRY;;Nathalie SEGUIN;Elodie TRUONG;Alain Piveteau;Marc THEBAULT;;Cédric CHARLIER
79_2;Christine HEINTZ;Jean-Romée CHARBONNEAU;Séverine VACHON;Yannick MAILLOU;Delphine BATHO;Laurence Réau;;;
79_3;Jean-Marie FIEVET;Lucie CHAUMERON;Véronique SCHAAF-GAUTHIER;Philippe COCHARD;Marc BONNEAU;Armelle Boivin;;;Marie POUJADE
80_1;Nicolas DUMONT;Franck DE LAPERSONNE;Stéphane DECAYEUX;François RUFFIN;Pascale BOISTARD;;;;Florient TRYOEN
80_2;Barbara POMPILI;Nicolas VERSAEN;;Cédric MAISSE;Philippe CASIER;Christian GALLI;Hubert DE JENLIS;;Noémie DEVISSE
80_3;Bruno MARIAGE;Patricia CHAGNON;Emmanuel MAQUET;Isabelle BRUSADELLI-DORION;Jean-Claude BUISINE;;;Arnaud PETIT;Nicolas LOTTIN
80_4;Jean-Claude LECLABART;Eric RICHERMOZ;Martin DOMISE;Christophe HERTOUT;;Elodie Héren;Christelle HIVER;;Patricia WYBO
80_5;;Loïc GRIMAUX;;Olivier SPINELLI;;;Stéphane DEMILLY;Valérie ROUSSEL;Olga SOROKINA-DOLLE
81_1;;Frédéric CABROLIER;Anne-Michèle BIANCHI;Tenhinan HADJI;Patrice BEDIER;Julia Rivet;;André BOUDES;Luc COUDERC
81_2;Marie-Christine VERDIER-JOUCLAS;Doriane ALBARAO;Pascal GRANDIN;Thomas DOMENECH;Claire FITA;Pascal Pragnère;;Rachid TOUZANI;Pascal THIBAUT
81_3;Jean TERLIER;Virginie CALLEJON;Bernard CARAYON;Maud FORGEOT;Linda GOURJADE;Stéphane Deleforge;;Eric JALADE;Mimose RYER
82_1;Pierre MARDEGAN;Thierry VIALLON;Thierry DEVILLE;Marie NADAL;Valérie RABAULT;Guillaume Arnaud;;Rodolphe PORTOLES;Martine BAUDOZ
82_2;;Romain LOPEZ;Mathieu ALBUGUES;Ivan JACQUEMARD;;Dominique Parcellier;;Françoise TARDIN;
83_1;Elisabeth CHANTRIEUX;Amaury NAVARRANNE;Geneviève LEVY;Luc LÉANDRI;Viviane DRIQUEZ;Delphine Deluca;;Alain GLÉMET;Michel DE MAYNARD DE SAINT MICHEL
83_2;Cécile MUSCHOTTI;Rachel ROUSSEL;Philippe VITEL;Michel LAGRÉCA;;Guy Rebec;;Alain BOLLA;Marie-Reine ZIMMERMANN
83_3;Alexandre ZAPOLSKY;Aline RENCK-GUIGUE;Jean-Louis MASSON;Danielle LAPIERRE;;Chantal Mouttet;;Anaïs ESCUDIER;Marie MARTIN
83_4;Sereine MAUBORGNE;Philippe LOTTIAUX;Françoise DUMONT;Eric HABOUZIT;;Jean Laurent Felizia;;Jean-Marie BERNARDI;Thierry RUDNIK
83_5;Philippe MICHEL-KLEISBAUER;Gilles LONGO;Guillaume DECARD;Catherine AUBRY;Insaf REZAGUI;Jacky Giral;;Barbara CROS;Thierry SARRAUTON
83_6;Valérie GOMEZ-BASSAC;Jérôme RIVIERE;Marc LAURIOL;Jill CAZICONSTANTINOS;Cécile LAUBLET;Hélène LION;;Laurent CARRATALA;
83_7;Emilie GUEREL;Frédéric BOCCALETTI;Jean Sébastien VIALATTE;Laurent RICHARD;;Denise Reverdito;;Janine LECLER;Reine PEUGEOT
83_8;Fabien MATRAS;Pierre JUGY;Olivier AUDIBERT-TROIN;Patricia MASSIS-CALLET;;Bruno Delport;;Marie-Pierre BURLANDO;Bernard LEMAITRE
84_1;Jean-François CESARINI;Anne-Sophie RIGAULT;Stéphanie PARRY;Amandine LAUGIER;Christine LAGRANGE;Jean Pierre Cerventès;;André CASTELLI;Alain GOUIN
84_2;Sonia STRAPELIAS;Thibaut DE LA TOCNAYE;Jean-Claude BOUCHET;Laurent THÉROND;Philippe BATOUX;Annie Rosenblatt;;;Serge LIOTAUD
84_3;Brune POIRSON;Hervé DE LÉPINAU;Gilles VÈVE;Laurence CERMOLACCE-BOISSIER;;Bernard MAUNIER;;Mina IDIR;Emmanuel COINTOT
84_4;Carole NORMANI;Catherine CANDELA;Jean-François PERILHOU;Farid FARYSSY;Marlène THIBAUD;Serge Marolleau;;Fabienne HALOUI;Marie-Charlotte LESERGENT
84_5;Jean VIARD;Marie THOMAS DE MALEVILLE;Julien AUBERT;Stéphane CHOTARD;;Marie-Christine Kadler;;;Nathalie FOREST
85_1;Philippe LATOMBE;Catherine ROY;Alain LEBOEUF;Gwenaëlle GRIETENS;Cécile DREURE;Guy Batiot;;Pierrick CHAIGNE;Marie-Thérèse CHÂTILLON
85_2;Patricia GALLERNEAU;Gabriel DE CHABOT;Béatrice BELLAMY;Dominique CHEVOLLEAU;Sylviane BULTEAU;Michel RAYNAUD;;Laurence CHUSSEAU;Viviane CHANTELOUP
85_3;Stéphane BUCHOU;Corinne FILLET;Florence PINEAU;Alain DARMEY;Anthony PITALIER;Laurent Akriche;;Caroline POTTIER;Catherine BESSONNET
85_4;Martine LEGUILLE-BALLOY;Denise VICENTÉ;;Anita LAVERGNE;;Claudine Goichon;Wilfrid MONTASSIER;Marie-Françoise MICHENAUD;
85_5;Pierre HENRIET;Gérald OBERWEIS;Jean-Michel LALERE;Pierre COTRON;Hugues FOURAGE;Ghislaine Rautureau;;Mélody BARTHÉLÉMY;Pascal SOUCHARD
86_1;Jacques SAVATIER;Arnaud FAGE;Jacqueline DAIGRE;Céline CUVILLIER;Xavier MOINIER;Marjorie Monni;;Anne JOULAIN;Guillaume VERDIER
86_2;Sacha HOULIÉ;Pascale BORDIN;Olivier CHARTIER;Frédéric ABRACHKOFF;Patricia PERSICO;Yohan Magneron;;Christian MICHOT;Jeannine MAZZOLENI-MOYSE
86_3;Jean-Michel CLÉMENT;Delphine JUMEAU;Enguerrand DELANNOY;Marie-José CELLOT;;Florian Séjourné;;Valérie LAFOY;
86_4;Nicolas TURQUOIS;Alain VERDIN;;Aurélie SAULNIER;;Jean-Paul Bodin;Anne-Florence BOURAT;Clarice PEREIRA;
87_1;Sophie BEAUDOUIN-HUBIERE;Nathalie GERARD;Sarah GENTIL;Danielle SOURY;Laurent LAFAYE;Jean-Louis Pagès;;Francis DAULIAC;Nandrianina RAMASONDRANO
87_2;Jean-Baptiste DJEBBARI-BONNET;Joëlle CREPET;;Hubert HURARD;Annick MORIZIO;Lucien Coindeau;Vincent LÉONIE;Pierre ALLARD;Camille FLEISCH
87_3;Marie-Ange MAGNE;Vincent GERARD;Guillaume GUERIN;Pierre-Edouard PIALAT;Catherine BEAUBATIE;Marcel Bayle;;Isabelle COUTURIER;Christophe JOULIA
88_1;Alisson HAMELIN;Sébastien HUMBERT;Stéphane VIRY;Fabrice PISIAS;Martine FRANCOIS;Lou Noirclere;;Valérie Anne LE GALL;Pierre-Jean ROBINOT
88_2;Christine URBES;Isabelle GERARD;Gérard CHERPION;Sylvain CALBRIX;Christine L'HEUREUX;Christine L'Heureux;;Sandra BLAISE;Jocelyne RIVAT
88_3;Claude THIRARD;Marina DO SANTOS;;Christine BOURBON-SCHMITT;Stessy SPEISSMANN;;;Frédérique KERKHOVE;Léa GRÜNENWALD
88_4;Raynald MAGNIEN-COEURDACIER;Jordan GROSSE-CRUCIANI;Jean-Jacques GAULTIER;Renée-Lise ROTHIOT;Christian FRANQUEVILLE;Florence Lamaze;;Pascal LOPEZ;Anne GRONOFF
89_1;Paulo DA SILVA MOREIRA;Ludovic VIGREUX;Guillaume LARRIVÉ;Mathieu DEBURGHRAVE;;Maud Navarre;;;Anna CONTANT
89_2;Jean-Yves CAULLET;Edwige JACQUET;;Philippe COLLIN;;Guillaume Durand;André VILLIERS;François MEYROUNE;Mehdi BARBOT
89_3;Michèle CROUZET;Julien ODOUL;Clarisse QUENTIN;Isabelle MICHAUD;Dominique BOURREAU;Bernard BEHEREC;;Patrick BLIN;Sylvain SIFFLET-LAFAVERGE
90_1;Christophe GRUDLER;Jean-Raphaël SANDRI;Ian BOUCARD;Anais BELTRAN;Bastien FAUDOT;;;Sabine VERDANT;
90_2;Bruno KERN;Laila LEROY;;Laurent SOLER;Maude CLAVEQUIN;Vincent Jeudy;Michel ZUMKELLER;Jean PARENTY;Jean-Christophe MURINGER
91_1;;Danielle OGER;Caroline VARIN;Farida AMRANI;;Fadhel MAHBOULI;;Michel NOUAILLE;David SOULLARD
91_2;Daphné RACT-MADOUX;Valérie GIRARD;Franck MARLIN;Michaël GOASDOUÉ;;Patrick Polverelli;;Michèle KAUFFER;Yannick VILLARDIER
91_3;Laëtitia ROMEIRO DIAS;François HELIE;;Virginie ARAUJO;Michel POUZOL;Paul-Henri BAURE;Nicolas MÉARY;;
91_4;Marie-Pierre RIXAIN;Franck BEELDENS - DA SILVA;Agnès EVREN;Bernard TERRIS;Ophélie GUIN;Claire Pinto;;;Sandra GEORGE
91_5;Cédric VILLANI;Milvia MANGANO;Laure DARCOS;Sylvère CALA;Maud OLIVIER;Didier Missenard;;Annick LE POUL;Aurélie MARTIN
91_6;Amélie DE MONTCHALIN;Nathalie PAULIN;;Philippe JURAVER;Jérôme GUEDJ;Anne-Charlotte Benichou;Françoise COUASSE;Joelle PINNA;Françoise FERNANDES
91_7;Muriel KERNREUTER;Audrey GUIBERT;Robin REDA;Mounia BENAILI;;Eva Sas;;;Nadine MARCELIN
91_8;Antoine PAVAMANI;Benjamin BOUCHER;;Jérôme FLAMENT;Faten BEN AHMED;Farid GHEHIOUECHE;Irvin BIDA;Geneviève MORIN;Nicolas DUPONT-AIGNAN
91_9;Marie GUÉVENOUX;Thiebauld VEGA;Véronique CARANTOIS;Anne JOURNEL;Romain COLAS;Brigitte BAGUET;;Laïd AMRANI;Ourdia AÏT-ALLEK
91_10;Pierre-Alain RAPHAN;Lucie DEDI;;Charlotte GIRARD;Malek BOUTIH;Isabelle Catrain;Marianne DURANTON;Philippe RIO;Valérie FLEURY
92_1;Isia KHALFI;Tommy ANOU;Nadia FRONTIGNY;Nasser LAJILI;Alexis BACHELAY;Délia Toumi;Bertille CLAUX;Elsa FAUCILLON;Emmanuelle WICQUART
92_2;Adrien TAQUET;Liliane PRADIER;Marie-Do AESCHLIMANN;Nino SCHILLACI;Chantal BARTHÉLÉMY-RUIZ;Laurent Guillard;;;Fabrice GAROYAN
92_3;Christine HENNION;Floriane DENIAU;Jean SPIRI;Virginie KENLER;Isabelle DAHAN;Joëlle Paris;;Chloé COURMONT;Richard MUGERIN
92_4;Isabelle FLORENNES;Laurent SALLES;Camille BEDIN;Rossana MORAIN;Habiba BIGDADE;Alexis Martin;;;Shahnissar MAHMOOD
92_5;Céline CALVEZ;Geoffroy RONDEPIERRE;Arnaud DE COURSON;Aïssa TERCHI;Lies MESSATFA;Marie-Claude Fournier;;Hicham DAD;
92_6;Laurent ZAMECZKOWSKI;Emmanuelle CUIGNET;Constance LE GRIP;Samuel FLORIN;Marie BRANNENS;Vincent Dubail;;Zohra BOUGHERARA;Patrick LAGARDE
92_7;Jacques MARILOSSIAN;Lucia LAPORTE;Eric BERDOATI;Olfa MZOUGHI;;Vincent  Poizat;;Maryline NGUYEN;Sophie SOUCHÈRE
92_8;Jacques MAIRE;Marc THOMAS;Gilles BOYER;Nelly PASQUELIN;;Renaud Dubois;;;
92_9;;Nina SMARANDI;Thierry SOLÈRE;;;Aminata Niakaté;;Isabelle GOÏTIA;
92_10;Gabriel ATTAL;Anne-Laure MALEYRE;;Gérald DAHAN;Thomas PUIJALON;Pauline Couvent;Jeremy COSTE;Boris AMOROZ;Philippine COUR
92_11;Laurianne ROSSI;Julia CARRASCO;;Yasmine BOUDJENAH;Julie SOMMARUGA;Carmélina De Pablo;Philippe PARAIN;;
92_12;Jean-Louis BOURLANGES;Damien YVENAT;Philippe PEMEZEC;Madeleine BAHLOUL;Jean-Marc GERMAIN;Théo Garcia Badin;;Christophe LEROY;Emmanuelle SÉJOURNÉ
92_13;Frédérique DUMAS;Agnès LAFFITE;Georges SIFFREDI;Nicolas LASGI;Benjamin LANIER;Denis Delrieu;;;
93_1;Sébastien MÉNARD;Gérard LEVENTAL;Marina VENTURINI;Éric COQUEREL;Yannick TRIGANCE;Dina Deffairi-Sessac;;Frédéric DURAND;
93_2;Véronique AVRIL;Estelle ARNAL;Hayette HAMIDI;Stéphane PEU;Mathieu HANOTIN;Laurent Servières;Vesna SCEKIC;;Bekhan YAGOULBAEV
93_3;Patrice ANATO;Patrice VELLA;Zartoshte BAKHTIARI;Dominique DELAUNAY;;Eric Manfredi;;Marie-Claire LAFON;Chrystelle FERRIER
93_4;Prisca THEVENOT;Gilles CLAVEL;Christine CERRIGONE;;Najia AMZAL;Nahiba Rezkalla;;Marie-George BUFFET;
93_5;Malika MAALEM-CHIBANE;Jean-François PERIER;;Ugo PORTIER;Valérie MERY;Fatimata Sy;Jean-Christophe LAGARDE;Abdel SADI;Denis LAZAROWICZ
93_6;Alexandre AÏDARA;Line VALLES;;Bastien LACHAUD;Elisabeth GUIGOU;Nadia Azoug;Karine FRANCLET;Patrick LE HYARIC;
93_7;Halima MENHOUDJ;Sébastien JOLIVET;Manon LAPORTE;Alexis CORBIÈRE;Razzy HAMMADI;Pierre Serne;;Gaylord LE CHEQUER;
93_8;Sylvie CHARRIÈRE;Alexandra BOURGOIN;Patrice CALMÉJANE;Maxence ALBESPY;Elisabeth POCHON;Aurélien Berthou;;Delphine ZOUGHEBI-GAILLARD;Éric ROUX
93_9;Jeanne DROMARD;Natacha FERREIRA;;Sabine RUBIN;Daniel GUIRAUD;Dominique Busson;Sonia BAKHTI ALOUT;Sofia DAUVERGNE;
93_10;Billel OUADAH;Huguette FATNA;Alain RAMADIER;Ambre FROMENT;Daniel GOLDBERG;;;Jean-Marie TOUZIN;Emmanuelle BOSVIEL
93_11;Elsa WANLIN;Marie MAVANDE;Christine PERRON;Clémentine AUTAIN;Laurent CHANTRELLE;Céline Fréby;;;
93_12;Stéphane TESTE;Jordan BARDELLA;;Juan BRANCO;Samira TAYEBI BOUHOUT;Ginette Contrastin;Ludovic TORO;François COCHAIN;Michelle BOSVIEL
94_1;Frédéric DESCROZAILLE;Thierry DEVIGE;André KASPI;Thierry N'KAOUA;Olivier PLACE;Catherine Monié;;Denis ÖZTORUN;Marie-Claire TAGNATI
94_2;Jean François MBAYE;Gaétan MARZO;Thierry HEBBRECHT;François COCQ;Axel URGIN;Ali Id Elouali ;Estelle STURTZER;Patrice DIGUET;Lionel MAZURIÉ
94_3;Laurent SAINT-MARTIN;Dominique BOURSE PROVENCE;Didier GONZALES;Nicolas GEORGES;Corinne NARASSIGUIN;;;Alexandre BOYER;Emmanuelly GOUGOUGNAN-ZADIGUE
94_4;Maud PETIT;Jérôme AUVRAY;Marie-Carole CIUNTU;Mirabelle LEMAIRE;Zakaria ZAIDANE;Samuel Szymanski;;Corinne CHARLES;Nadejda BABOU
94_5;Nadine RET;Isabelle HUGUENIN-RICHARD;Gilles CARREZ;Raphaëlle MARTINEZ;Caroline ADOMO;Marie-José DELOIRE;;Christian FAUTRÉ;Dominique STEFANOFF
94_6;Guillaume GOUFFIER-CHA;Gorete DE FREITAS;;Stéphanie MICHEL;;Laurence Abeille;Gildas LECOQ;;
94_7;Jean-Jacques BRIDEY;Karine HACCART;Vincent JEANBRUN;;Jean Jacques UM;Marie Leclerc-Bruant;;Nora LAMRAOUI BOUDON;Sylvie CHENAULT
94_8;Jennifer DOUIEB-NAHON;Marie-Odile ENON;Michel HERBILLON;Renaud PÉQUIGNOT;Sophie GALLAIS;Rémi Houley;;Fatima KHALLOUK;Marie-Odile GHANEM
94_9;Gaëlle MARSEAU;François PARADOL;Bernadette HERAULT;Martine LACHAUD;Luc CARVOUNAS;Monique YAPO;;Fati KONATE;Rémy RAMASSAMY
94_10;Sheerazed BOULKROUN;Martine BLANLUETTE;Marie ANDRIA;Mathilde PANOT;;Mehdy Belabbas;;Pascal SAVOLDELLI;Myriam WAELER
94_11;Albane GAILLOT;Alexandre GABORIT;Audrey GAUDRON;Djamel ARROUCHE;Hélène DE COMARMOND;Marianne Jaouen;;Catherine DOS SANTOS;Michelle GILLET
95_1;Isabelle MULLER-QUOY;Denise CORNET;Antoine SAVIGNAT;Leïla SAÏB;Sandra NGUYEN DEROSIER;Bénédicte Ariès;;Brigitte POLI;
95_2;Guillaume VUILLETET;Stéphane CAPDET;Axel PONIATOWSKI;Sylvie GEOFFROY-MARTIN;Ayda HADIZADEH;Marc Denis;;Jean-Michel RUIZ;Philippe VINET
95_3;Cecile RILHAC;Fabienne DAUMAS;Nicole LANASPRE;Sébastien DAVIGNON;Nelly LEON;Pierrette Borgne;;Laurent JALLU;
95_4;Naïma MOUTCHOU;Olivia NALPAS;Claude BODIN;Cathy PINHEIRO;Marie-José BEAULANDE;Emmanuel Rodriguez;Emmanuel LANDREAU;Estelle AUBOIN;
95_5;Fiona LAZAAR;Pierre RENUCCI;Gilles SAVRY;Françoise PACHA-STIEGLER;Philippe DOUCET;Pascal Bertolini;;Dominique LESPARRE;
95_6;Nathalie ELIMAS;Jean-Michel DUBOIS;Luc STREHAIANO;Serge GROSSVAK;Guilaine PESTIE;François Delcombre;;Leila ADDOU;Dimitar KRASTEV
95_7;Dominique DA SILVA;Bruno MARCEL;Jérôme CHARTIER;Gilles MONSILLON;Rita MAALOUF;Célia Jousserand;;Nicole LE MANACH;
95_8;;Tifanny ALLEAU;;Pamela HOCINI;François PUPPONI;Laetitia Zidée;Chantal GROLIER;Mohammed FARID;
95_9;Zivka PARK;Mikael SALA;Anthony ARCIERO;Véronique DANET-DUPUIS;Luc BROUSSY;Dominique Dufumier;Adeline ROLDAO-MARTINS;Thierry CHIABODO;Denis VIGOUROUX
95_10;Aurelien TACHE;Anne CLOUTIER;Virginie TINLAND;Katia NOIN LEDANOIS;Dominique LEFEBVRE;Dominique Damour;;Françoise COURTIN;
971_1;Olivier SERVA;;Alix HUYGHUES-BEAUFOND;Nadège MONTOUT;Georges HERMIN;Harry DURIMEL;Rudy FARO,Jessica COMPPER;;
971_2;Diana PERRAN;Prévert MAYENGO;Laurent BERNIER;Hugues TOLA;;Patricia POMPILIUS;Marie-Jeanne QUINOL,Philibert CARVIGAN;Jacques KANCEL;
971_3;;Rody TOLASSY;;Céline DECHELETTE;Adrien BARON;;;Félix Alain FLÉMIN;
971_4;;Béatrice CAZE;Sonia PETRO;Guilhem SALTEL;Hélène VAINQUEUR-CHRISTOPHE;;Christine HOUBLON;Camille EDOUARD;
972_1;Chantal MAIGNAN;Nathalie BETEGNIES;Karine MOUSSEAU;Geraldine DE THORE;Raphaël VAUGIRARD;;Vanessa HUBERT;;
972_2;;Aurélie LE GOURLAY;Yan MONPLAISIR;;;Louis BOUTRIN;Katiucia CANTINOL;;
972_3;Max ORVILLE;Marie-Jeanne JEANVILLE;;Thierry RENARD;;;Marie-Gabrielle MARGUERITE;;
972_4;;Elodie BABIN;Sylvia SAITHSOOTHANE;Ernest KILO;;;Philippe PETIT;;
973_1;Joëlle PREVOT-MADERE;;;Claire ALBANESI;;;;;
973_2;Lénaïck ADAM;;Juliana RIMANE;Paul PERSDAM;;;;;
974_1;Karine NABENESA;Jean-Pierre CELESTE;Jean-Jacques MOREL;Julie PONTALBA;Ericka BAREIGTS;Jean-Pierre Marchau;;;
974_2;Stéphane RANDRIANARIVELO;Indiana OUËNNE;Cyrille MELCHIOR;;;Charles Moyac;;;
974_3;Carine GARCIA;Jean-Hugues LEBIAN;Nathalie BASSIRE;Virginie GRONDIN;Jean-Jacques VLODY;Raphaël DIJOUX;;;
974_4;Anaïs PATEL;Philippe GHANTY;David LORION;Corine BÉDIER;;Danon Odayen;;;
974_5;Léopoldine SETTAMA-VIDON;Marie-Luce BRASIER-CLAIN;Daniel GONTHIER;;Philippe LE CONSTANT;;;;
974_6;Monique ORPHE;Elodie MARTIN CHARRON;Nadia RAMASSAMY;Pascal HOAREAU;;Delia MOUTIN;;;
974_7;Thierry ROBERT;Michelle GRAJA;Sandra SINIMALÉ;Perceval GAILLARD;;Eric MARCELY;;;
985_1;;Soihibou ALI-MANSOIB;Elad CHAKRINA;Christine RAHARIJAONA;Ramlati ALI;;;;
985_2;Jacques HENRY;Madi ANLI;Mansour KAMARDINE;Adrien THEILLEUX;Ibrahim ABOUBACAR;;Ahamed ATTOUMANI DOUCHINA;;
988_1;;Lina BALMELLI;Bernard DELADRIÈRE;Louis MANTA;;;;;
988_2;;Bianca HENIN;;;;;Philippe GOMES;;
987_1;;Eric MINARDI;;Jean-Marie BRUNEAU;;Karl REGURON;Maina SAGE;;
987_2;Tepuaraurii TERIITAHI;Miri DUBIEF;;Maire GRANDIN;;Tati SALMON;;;
987_3;;Teiva LANTEIRES;;Astride MARA;;;;;
975_1;;Roger RODE;;Robert LANGLOIS;;;;;
986_1;;;Hervé Michel DELORD;;;;;;
979_1;Ines BOUCHAUT-CHOISY;Patrick OUVRARD;Claire JAVOIS;;;;;;
99_1;Roland LESCURE;Denis FRANCESKIN;Frédéric LEFEBVRE;Clémentine LANGLOIS;Yan CHANTREL;Jocelyne Le Boulicaut;;Julie MOREL;
99_2;Paula FORTEZA;Jean-Marc MILLET;Pascal DROUHAUD;;Florence BAILLON;Sergio Coronado;Charles-Henry CHENUT;Laurent PEREA;
99_3;Alexandre HOLROYD;Tony THOMMES;Laurence AZZENA-GOUGEON;Olivier TONNEAU;Axelle LEMAIRE;Karine Daudicourt;Patricia CONNELL;Marine ROUSSILLON;
99_4;Pieyre-Alexandre ANGLADE;Soraya LEMAIRE;Valérie BROS;Sophie RAUSZER;Philip CORDERY;Perrine Ledan;Caroline LAPORTE;;
99_5;Samantha CAZEBONNE;Natacha BARRAL;Laurence SAILLIET;François RALLE-ANDREOLI;Gabrielle SIRY;François Ralle Andréoli;;;
99_6;Joachim SON-FORGET;Jean-Claude MARCHAND;Claudine SCHMID;Emmanuelle BOUDET;;Jean Rossiaud;;Fabienne LEFEBVRE;
99_7;Frédéric PETIT;Jean-Pierre HOTTINGER;Philippe GUSTIN;François-Jérôme LALLEMAND;Pierre-Yves LE BORGN';Anna Deparnay-Grunenberg;Benoît MAYRAND;Maëva DURAND;
99_8;Florence DRORY;Nathalie JORGE LAICK;;Hélène PANOUSSIS;Benjamin DJIANE;Nil Delahaye;Meyer HABIB;Anne SABOURIN;
99_9;;Jehanne FORTIN;Erwan Borhan DAVOUX;Patrice FINEL;Didier LE BRET;Yann Roustan;Pascal CAPDEVIELLE;Lamine CAMARA;Naji DEBACHE
99_10;Amal Amélia LAKRAFI;Stéphane SAKOSCHEK;Alain MARSAUD;;;Viviane ZINZINDOHOUE;;;
99_11;Anne GENETET;Sébastien COCHARD;Thierry MARIANI;Dimitri SAWOSIK;Florian BOHÊME;;;Dominique VIDAL;
